year,Nationality,NatlId,sum,count,percentage
2014,Algeria,ALG,0,4,0.0
2014,Andorra,AND,0,1,0.0
2014,Argentina,ARG,10,111,9.00900900900901
2014,Armenia,ARM,0,1,0.0
2014,Australia,AUS,9,92,9.782608695652174
2014,Austria,AUT,3,47,6.382978723404255
2014,Bahamas,BAH,0,1,0.0
2014,Bahrain,BRN,0,2,0.0
2014,Barbados,BAR,0,1,0.0
2014,Belarus,BLR,0,22,0.0
2014,Belgium,BEL,3,39,7.6923076923076925
2014,Benin,BEN,0,3,0.0
2014,Bolivia,BOL,0,8,0.0
2014,Bosnia-Herzegovina,BIH,1,9,11.11111111111111
2014,Botswana,BOT,0,1,0.0
2014,Brazil,BRA,2,72,2.7777777777777777
2014,Bulgaria,BUL,1,19,5.263157894736842
2014,Burkina Faso,BUR,0,1,0.0
2014,Burundi,BDI,0,2,0.0
2014,Cambodia,CAM,0,1,0.0
2014,Canada,CAN,4,34,11.76470588235294
2014,Chile,CHI,0,47,0.0
2014,China,CHN,1,47,2.127659574468085
2014,Chinese Taipei,TPE,2,23,8.695652173913043
2014,Colombia,COL,3,41,7.317073170731707
2014,"Congo, Dem. Rep. (Zaire)",COD,0,1,0.0
2014,Croatia,CRO,6,42,14.285714285714285
2014,Cuba,CUB,0,2,0.0
2014,Cyprus,CYP,1,6,16.666666666666664
2014,Czechia,CZE,4,52,7.6923076923076925
2014,Denmark,DEN,0,11,0.0
2014,Dominican Republic,DOM,1,9,11.11111111111111
2014,Ecuador,ECU,0,11,0.0
2014,Egypt,EGY,0,9,0.0
2014,El Salvador,ESA,0,2,0.0
2014,Estonia,EST,1,7,14.285714285714285
2014,Finland,FIN,1,18,5.555555555555555
2014,France,FRA,19,167,11.377245508982035
2014,Gabon,GAB,0,2,0.0
2014,Georgia,GEO,0,6,0.0
2014,Germany,GER,14,133,10.526315789473683
2014,Ghana,GHA,0,3,0.0
2014,Great Britain,GBR,5,94,5.319148936170213
2014,Greece,GRE,0,11,0.0
2014,Guadeloupe,GUD,0,1,0.0
2014,Guatemala,GUA,0,1,0.0
2014,Hong Kong,HKG,0,7,0.0
2014,Hungary,HUN,1,10,10.0
2014,India,IND,1,52,1.9230769230769231
2014,Indonesia,INA,0,3,0.0
2014,Iran,IRI,0,11,0.0
2014,Ireland,IRL,1,9,11.11111111111111
2014,Israel,ISR,1,29,3.4482758620689653
2014,Italy,ITA,8,166,4.819277108433735
2014,Ivory Coast,CIV,0,1,0.0
2014,Jamaica,JAM,1,1,100.0
2014,Japan,JPN,6,87,6.896551724137931
2014,Kazakhstan,KAZ,3,16,18.75
2014,Kenya,KEN,0,1,0.0
2014,Kosovo,KOS,0,1,0.0
2014,Kuwait,KUW,0,3,0.0
2014,Kyrgyzstan,KGZ,0,1,0.0
2014,Latvia,LAT,1,8,12.5
2014,Lithuania,LTU,1,7,14.285714285714285
2014,Luxembourg,LUX,1,3,33.33333333333333
2014,Madagascar,MAD,0,2,0.0
2014,Malaysia,MAS,0,4,0.0
2014,Mali,MLI,0,1,0.0
2014,Mexico,MEX,0,33,0.0
2014,Moldova,MDA,1,4,25.0
2014,Monaco,MON,0,3,0.0
2014,Montenegro,MNE,0,3,0.0
2014,Morocco,MAR,0,17,0.0
2014,Namibia,NAM,0,1,0.0
2014,Netherlands,NED,4,37,10.81081081081081
2014,New Zealand,NZL,0,9,0.0
2014,Nigeria,NGR,0,2,0.0
2014,North Macedonia,MKD,0,5,0.0
2014,Norway,NOR,0,5,0.0
2014,Pakistan,PAK,0,6,0.0
2014,Paraguay,PAR,0,1,0.0
2014,Peru,PER,0,18,0.0
2014,Philippines,PHI,0,6,0.0
2014,Poland,POL,3,37,8.108108108108109
2014,Portugal,POR,2,25,8.0
2014,Puerto Rico,PUR,0,1,0.0
2014,Qatar,QAT,0,2,0.0
2014,Romania,ROU,2,52,3.8461538461538463
2014,Russia,RUS,8,99,8.080808080808081
2014,San Marino,SMR,0,1,0.0
2014,Serbia,SRB,4,42,9.523809523809524
2014,Sierra Leone,SLE,0,1,0.0
2014,Singapore,SGP,0,1,0.0
2014,Slovak Republic,SVK,4,36,11.11111111111111
2014,Slovenia,SLO,3,16,18.75
2014,South Africa,RSA,1,27,3.7037037037037033
2014,South Korea,KOR,0,60,0.0
2014,Spain,ESP,17,114,14.912280701754385
2014,Sri Lanka,SRI,0,2,0.0
2014,Sweden,SWE,0,32,0.0
2014,Switzerland,SUI,3,36,8.333333333333332
2014,Thailand,THA,0,26,0.0
2014,Togo,TOG,0,3,0.0
2014,Tunisia,TUN,1,9,11.11111111111111
2014,Turkiye,TUR,1,20,5.0
2014,Turkmenistan,TKM,0,1,0.0
2014,Uganda,UGA,0,1,0.0
2014,Ukraine,UKR,3,43,6.976744186046512
2014,United Arab Emirates,UAE,0,1,0.0
2014,United States,USA,14,182,7.6923076923076925
2014,Uruguay,URU,1,6,16.666666666666664
2014,Uzbekistan,UZB,2,20,10.0
2014,Venezuela,VEN,0,12,0.0
2014,Vietnam,VIE,0,2,0.0
2014,Zimbabwe,ZIM,0,7,0.0
2015,Algeria,ALG,0,9,0.0
2015,Andorra,AND,0,1,0.0
2015,Argentina,ARG,10,102,9.803921568627452
2015,Armenia,ARM,0,1,0.0
2015,Australia,AUS,11,97,11.34020618556701
2015,Austria,AUT,4,48,8.333333333333332
2015,Bahamas,BAH,0,1,0.0
2015,Bahrain,BRN,0,2,0.0
2015,Barbados,BAR,0,1,0.0
2015,Belarus,BLR,0,22,0.0
2015,Belgium,BEL,4,44,9.090909090909092
2015,Benin,BEN,0,3,0.0
2015,Bolivia,BOL,0,9,0.0
2015,Bosnia-Herzegovina,BIH,1,8,12.5
2015,Botswana,BOT,0,1,0.0
2015,Brazil,BRA,3,75,4.0
2015,Bulgaria,BUL,1,20,5.0
2015,Burkina Faso,BUR,0,1,0.0
2015,Burundi,BDI,0,1,0.0
2015,Cambodia,CAM,0,1,0.0
2015,Canada,CAN,2,41,4.878048780487805
2015,Chile,CHI,0,42,0.0
2015,China,CHN,1,51,1.9607843137254901
2015,Chinese Taipei,TPE,1,29,3.4482758620689653
2015,Colombia,COL,3,40,7.5
2015,"Congo, Dem. Rep. (Zaire)",COD,0,1,0.0
2015,Costa Rica,CRC,0,1,0.0
2015,Croatia,CRO,4,36,11.11111111111111
2015,Cyprus,CYP,1,5,20.0
2015,Czechia,CZE,3,53,5.660377358490567
2015,Denmark,DEN,0,13,0.0
2015,Dominican Republic,DOM,1,9,11.11111111111111
2015,Ecuador,ECU,0,8,0.0
2015,Egypt,EGY,0,15,0.0
2015,El Salvador,ESA,0,2,0.0
2015,Estonia,EST,1,9,11.11111111111111
2015,Finland,FIN,1,18,5.555555555555555
2015,France,FRA,15,188,7.9787234042553195
2015,Gabon,GAB,0,2,0.0
2015,Georgia,GEO,1,8,12.5
2015,Germany,GER,11,142,7.746478873239436
2015,Ghana,GHA,0,2,0.0
2015,Great Britain,GBR,5,90,5.555555555555555
2015,Greece,GRE,0,15,0.0
2015,Guadeloupe,GUD,0,1,0.0
2015,Guatemala,GUA,0,3,0.0
2015,Hong Kong,HKG,0,8,0.0
2015,Hungary,HUN,0,11,0.0
2015,India,IND,1,74,1.3513513513513513
2015,Indonesia,INA,0,5,0.0
2015,Iran,IRI,0,13,0.0
2015,Ireland,IRL,0,13,0.0
2015,Israel,ISR,1,42,2.380952380952381
2015,Italy,ITA,9,165,5.454545454545454
2015,Ivory Coast,CIV,0,1,0.0
2015,Jamaica,JAM,1,1,100.0
2015,Japan,JPN,7,89,7.865168539325842
2015,Kazakhstan,KAZ,3,19,15.789473684210526
2015,Kosovo,KOS,0,1,0.0
2015,Kuwait,KUW,0,5,0.0
2015,Kyrgyzstan,KGZ,0,1,0.0
2015,Latvia,LAT,1,8,12.5
2015,Lebanon,LBN,0,2,0.0
2015,Lithuania,LTU,1,8,12.5
2015,Luxembourg,LUX,1,4,25.0
2015,Madagascar,MAD,0,3,0.0
2015,Malaysia,MAS,0,2,0.0
2015,Mali,MLI,0,1,0.0
2015,Mexico,MEX,0,30,0.0
2015,Moldova,MDA,1,4,25.0
2015,Monaco,MON,0,5,0.0
2015,Montenegro,MNE,0,4,0.0
2015,Morocco,MAR,0,17,0.0
2015,Netherlands,NED,3,45,6.666666666666667
2015,New Zealand,NZL,0,10,0.0
2015,Nigeria,NGR,0,11,0.0
2015,North Macedonia,MKD,0,7,0.0
2015,Northern Mariana Islands,NMI,0,1,0.0
2015,Norway,NOR,0,7,0.0
2015,Pakistan,PAK,0,5,0.0
2015,Peru,PER,0,13,0.0
2015,Philippines,PHI,0,7,0.0
2015,Poland,POL,2,40,5.0
2015,Portugal,POR,2,31,6.451612903225806
2015,Puerto Rico,PUR,0,2,0.0
2015,Qatar,QAT,0,2,0.0
2015,Romania,ROU,1,48,2.083333333333333
2015,Russia,RUS,6,102,5.88235294117647
2015,Serbia,SRB,5,44,11.363636363636363
2015,Sierra Leone,SLE,0,1,0.0
2015,Singapore,SGP,0,1,0.0
2015,Slovak Republic,SVK,3,38,7.894736842105263
2015,Slovenia,SLO,3,18,16.666666666666664
2015,South Africa,RSA,1,22,4.545454545454546
2015,South Korea,KOR,1,56,1.7857142857142856
2015,Spain,ESP,18,125,14.399999999999999
2015,Sri Lanka,SRI,0,2,0.0
2015,Sweden,SWE,1,35,2.857142857142857
2015,Switzerland,SUI,2,39,5.128205128205128
2015,Thailand,THA,0,22,0.0
2015,Togo,TOG,0,1,0.0
2015,Tunisia,TUN,1,10,10.0
2015,Turkiye,TUR,1,26,3.8461538461538463
2015,Turkmenistan,TKM,0,1,0.0
2015,Uganda,UGA,0,1,0.0
2015,Ukraine,UKR,3,46,6.521739130434782
2015,United Arab Emirates,UAE,0,1,0.0
2015,United States,USA,14,210,6.666666666666667
2015,Uruguay,URU,1,6,16.666666666666664
2015,Uzbekistan,UZB,2,20,10.0
2015,Venezuela,VEN,0,11,0.0
2015,Vietnam,VIE,0,3,0.0
2015,Zimbabwe,ZIM,0,8,0.0
2016,Algeria,ALG,0,8,0.0
2016,Argentina,ARG,14,105,13.333333333333334
2016,Armenia,ARM,0,1,0.0
2016,Australia,AUS,7,91,7.6923076923076925
2016,Austria,AUT,2,38,5.263157894736842
2016,Bahamas,BAH,0,1,0.0
2016,Bahrain,BRN,0,1,0.0
2016,Barbados,BAR,0,1,0.0
2016,Belarus,BLR,1,21,4.761904761904762
2016,Belgium,BEL,3,44,6.8181818181818175
2016,Benin,BEN,0,2,0.0
2016,Bolivia,BOL,0,7,0.0
2016,Bosnia-Herzegovina,BIH,2,6,33.33333333333333
2016,Botswana,BOT,0,1,0.0
2016,Brazil,BRA,5,71,7.042253521126761
2016,Bulgaria,BUL,1,17,5.88235294117647
2016,Burundi,BDI,0,2,0.0
2016,Canada,CAN,4,35,11.428571428571429
2016,Chile,CHI,0,37,0.0
2016,China,CHN,2,52,3.8461538461538463
2016,Chinese Taipei,TPE,1,27,3.7037037037037033
2016,Colombia,COL,2,38,5.263157894736842
2016,Croatia,CRO,5,31,16.129032258064516
2016,Cyprus,CYP,1,6,16.666666666666664
2016,Czechia,CZE,5,60,8.333333333333332
2016,Denmark,DEN,0,9,0.0
2016,Dominican Republic,DOM,1,10,10.0
2016,Ecuador,ECU,0,7,0.0
2016,Egypt,EGY,0,11,0.0
2016,El Salvador,ESA,0,2,0.0
2016,Estonia,EST,0,7,0.0
2016,Finland,FIN,0,18,0.0
2016,France,FRA,20,174,11.494252873563218
2016,Georgia,GEO,1,8,12.5
2016,Germany,GER,10,135,7.4074074074074066
2016,Ghana,GHA,0,1,0.0
2016,Great Britain,GBR,4,83,4.819277108433735
2016,Greece,GRE,0,16,0.0
2016,Guadeloupe,GUD,0,1,0.0
2016,Guatemala,GUA,0,3,0.0
2016,Hong Kong,HKG,0,11,0.0
2016,Hungary,HUN,1,13,7.6923076923076925
2016,India,IND,1,67,1.4925373134328357
2016,Indonesia,INA,0,7,0.0
2016,Iran,IRI,0,4,0.0
2016,Ireland,IRL,0,8,0.0
2016,Israel,ISR,1,38,2.631578947368421
2016,Italy,ITA,9,201,4.477611940298507
2016,Jamaica,JAM,1,2,50.0
2016,Japan,JPN,7,93,7.526881720430108
2016,Kazakhstan,KAZ,2,18,11.11111111111111
2016,Kosovo,KOS,0,1,0.0
2016,Kuwait,KUW,0,6,0.0
2016,Kyrgyzstan,KGZ,0,1,0.0
2016,Latvia,LAT,1,9,11.11111111111111
2016,Lebanon,LBN,0,2,0.0
2016,Lithuania,LTU,1,9,11.11111111111111
2016,Luxembourg,LUX,1,6,16.666666666666664
2016,Madagascar,MAD,0,1,0.0
2016,Malaysia,MAS,0,4,0.0
2016,Mexico,MEX,1,28,3.571428571428571
2016,Moldova,MDA,1,4,25.0
2016,Monaco,MON,0,5,0.0
2016,Montenegro,MNE,0,4,0.0
2016,Morocco,MAR,0,18,0.0
2016,Netherlands,NED,3,52,5.769230769230769
2016,New Zealand,NZL,0,8,0.0
2016,Nigeria,NGR,0,12,0.0
2016,North Macedonia,MKD,0,7,0.0
2016,Norway,NOR,0,7,0.0
2016,Pakistan,PAK,0,4,0.0
2016,Paraguay,PAR,0,3,0.0
2016,Peru,PER,0,9,0.0
2016,Philippines,PHI,0,6,0.0
2016,Poland,POL,1,39,2.564102564102564
2016,Portugal,POR,2,28,7.142857142857142
2016,Puerto Rico,PUR,0,1,0.0
2016,Qatar,QAT,0,2,0.0
2016,Romania,ROU,1,50,2.0
2016,Russia,RUS,9,102,8.823529411764707
2016,San Marino,SMR,0,1,0.0
2016,Saudi Arabia,KSA,0,1,0.0
2016,Serbia,SRB,4,39,10.256410256410255
2016,Sierra Leone,SLE,0,1,0.0
2016,Singapore,SGP,0,2,0.0
2016,Slovak Republic,SVK,4,30,13.333333333333334
2016,Slovenia,SLO,1,15,6.666666666666667
2016,South Africa,RSA,1,23,4.3478260869565215
2016,South Korea,KOR,1,50,2.0
2016,Spain,ESP,18,126,14.285714285714285
2016,Sri Lanka,SRI,0,3,0.0
2016,Sweden,SWE,1,38,2.631578947368421
2016,Switzerland,SUI,4,35,11.428571428571429
2016,Thailand,THA,0,20,0.0
2016,Togo,TOG,0,1,0.0
2016,Tunisia,TUN,1,9,11.11111111111111
2016,Turkiye,TUR,1,27,3.7037037037037033
2016,Turkmenistan,TKM,0,1,0.0
2016,Uganda,UGA,0,1,0.0
2016,Ukraine,UKR,3,45,6.666666666666667
2016,United Arab Emirates,UAE,0,1,0.0
2016,United States,USA,20,226,8.849557522123893
2016,Uruguay,URU,1,7,14.285714285714285
2016,Uzbekistan,UZB,1,18,5.555555555555555
2016,Venezuela,VEN,0,6,0.0
2016,Vietnam,VIE,0,6,0.0
2016,Zimbabwe,ZIM,0,8,0.0
2017,Algeria,ALG,0,3,0.0
2017,Antigua,ANT,0,1,0.0
2017,Argentina,ARG,12,97,12.371134020618557
2017,Australia,AUS,10,87,11.494252873563218
2017,Austria,AUT,4,43,9.30232558139535
2017,Bahamas,BAH,0,1,0.0
2017,Bahrain,BRN,0,2,0.0
2017,Barbados,BAR,1,2,50.0
2017,Belarus,BLR,1,18,5.555555555555555
2017,Belgium,BEL,4,41,9.75609756097561
2017,Benin,BEN,0,1,0.0
2017,Bolivia,BOL,0,8,0.0
2017,Bosnia-Herzegovina,BIH,2,6,33.33333333333333
2017,Brazil,BRA,3,66,4.545454545454546
2017,Bulgaria,BUL,1,16,6.25
2017,Burkina Faso,BUR,0,1,0.0
2017,Burundi,BDI,0,1,0.0
2017,Canada,CAN,4,37,10.81081081081081
2017,Chile,CHI,2,29,6.896551724137931
2017,China,CHN,2,49,4.081632653061225
2017,Chinese Taipei,TPE,1,27,3.7037037037037033
2017,Colombia,COL,1,29,3.4482758620689653
2017,Costa Rica,CRC,0,1,0.0
2017,Croatia,CRO,3,34,8.823529411764707
2017,Cuba,CUB,0,1,0.0
2017,Curacao,CUW,0,1,0.0
2017,Cyprus,CYP,1,4,25.0
2017,Czechia,CZE,6,62,9.67741935483871
2017,Denmark,DEN,0,10,0.0
2017,Dominican Republic,DOM,1,8,12.5
2017,Ecuador,ECU,0,8,0.0
2017,Egypt,EGY,1,13,7.6923076923076925
2017,El Salvador,ESA,0,1,0.0
2017,Estonia,EST,0,8,0.0
2017,Finland,FIN,0,15,0.0
2017,France,FRA,20,169,11.834319526627219
2017,Georgia,GEO,1,8,12.5
2017,Germany,GER,13,122,10.655737704918032
2017,Great Britain,GBR,5,83,6.024096385542169
2017,Greece,GRE,1,13,7.6923076923076925
2017,Guatemala,GUA,0,3,0.0
2017,Hong Kong,HKG,0,10,0.0
2017,Hungary,HUN,1,16,6.25
2017,India,IND,2,60,3.3333333333333335
2017,Indonesia,INA,0,7,0.0
2017,Iran,IRI,0,5,0.0
2017,Ireland,IRL,0,9,0.0
2017,Israel,ISR,1,35,2.857142857142857
2017,Italy,ITA,10,178,5.617977528089887
2017,Jamaica,JAM,1,2,50.0
2017,Japan,JPN,8,92,8.695652173913043
2017,Jordan,JOR,0,1,0.0
2017,Kazakhstan,KAZ,2,16,12.5
2017,Kosovo,KOS,0,1,0.0
2017,Kuwait,KUW,0,4,0.0
2017,Kyrgyzstan,KGZ,0,1,0.0
2017,Latvia,LAT,1,11,9.090909090909092
2017,Lebanon,LBN,0,2,0.0
2017,Lithuania,LTU,1,6,16.666666666666664
2017,Luxembourg,LUX,1,4,25.0
2017,Madagascar,MAD,0,3,0.0
2017,Malaysia,MAS,0,5,0.0
2017,Mexico,MEX,1,33,3.0303030303030303
2017,Moldova,MDA,1,4,25.0
2017,Monaco,MON,0,4,0.0
2017,Montenegro,MNE,0,3,0.0
2017,Morocco,MAR,0,18,0.0
2017,Netherlands,NED,1,49,2.0408163265306123
2017,New Zealand,NZL,0,9,0.0
2017,Nigeria,NGR,0,9,0.0
2017,North Macedonia,MKD,0,6,0.0
2017,Northern Mariana Islands,NMI,0,1,0.0
2017,Norway,NOR,1,6,16.666666666666664
2017,Pakistan,PAK,0,8,0.0
2017,Paraguay,PAR,0,2,0.0
2017,Peru,PER,0,14,0.0
2017,Philippines,PHI,0,5,0.0
2017,Poland,POL,1,37,2.7027027027027026
2017,Portugal,POR,3,28,10.714285714285714
2017,Qatar,QAT,0,2,0.0
2017,Romania,ROU,1,46,2.1739130434782608
2017,Russia,RUS,8,95,8.421052631578947
2017,San Marino,SMR,0,1,0.0
2017,Saudi Arabia,KSA,0,1,0.0
2017,Serbia,SRB,6,35,17.142857142857142
2017,Singapore,SGP,0,3,0.0
2017,Slovak Republic,SVK,4,29,13.793103448275861
2017,Slovenia,SLO,2,16,12.5
2017,South Africa,RSA,1,21,4.761904761904762
2017,South Korea,KOR,2,48,4.166666666666666
2017,Spain,ESP,13,133,9.774436090225564
2017,Sri Lanka,SRI,0,3,0.0
2017,Sweden,SWE,1,34,2.941176470588235
2017,Switzerland,SUI,4,38,10.526315789473683
2017,Thailand,THA,0,24,0.0
2017,Togo,TOG,0,1,0.0
2017,Tunisia,TUN,1,9,11.11111111111111
2017,Turkiye,TUR,0,21,0.0
2017,Turkmenistan,TKM,0,1,0.0
2017,Ukraine,UKR,3,39,7.6923076923076925
2017,United Arab Emirates,UAE,0,1,0.0
2017,United States,USA,23,212,10.849056603773585
2017,Uruguay,URU,1,9,11.11111111111111
2017,Uzbekistan,UZB,1,17,5.88235294117647
2017,Venezuela,VEN,0,8,0.0
2017,Vietnam,VIE,0,6,0.0
2017,Zimbabwe,ZIM,0,7,0.0
2018,Algeria,ALG,0,3,0.0
2018,Antigua,ANT,0,1,0.0
2018,Argentina,ARG,12,92,13.043478260869565
2018,Australia,AUS,13,84,15.476190476190476
2018,Austria,AUT,6,35,17.142857142857142
2018,Bahamas,BAH,0,3,0.0
2018,Bahrain,BRN,0,2,0.0
2018,Barbados,BAR,1,2,50.0
2018,Belarus,BLR,3,21,14.285714285714285
2018,Belgium,BEL,2,36,5.555555555555555
2018,Benin,BEN,0,1,0.0
2018,Bolivia,BOL,1,7,14.285714285714285
2018,Bosnia-Herzegovina,BIH,2,8,25.0
2018,Brazil,BRA,3,60,5.0
2018,Bulgaria,BUL,1,12,8.333333333333332
2018,Burkina Faso,BUR,0,1,0.0
2018,Burundi,BDI,0,2,0.0
2018,Cameroon,CMR,0,1,0.0
2018,Canada,CAN,6,33,18.181818181818183
2018,Chile,CHI,2,25,8.0
2018,China,CHN,1,47,2.127659574468085
2018,Chinese Taipei,TPE,1,24,4.166666666666666
2018,Colombia,COL,2,19,10.526315789473683
2018,Costa Rica,CRC,0,1,0.0
2018,Croatia,CRO,4,28,14.285714285714285
2018,Cuba,CUB,0,2,0.0
2018,Curacao,CUW,0,1,0.0
2018,Cyprus,CYP,1,2,50.0
2018,Czechia,CZE,5,53,9.433962264150944
2018,Denmark,DEN,0,6,0.0
2018,Dominican Republic,DOM,1,7,14.285714285714285
2018,Ecuador,ECU,0,11,0.0
2018,Egypt,EGY,1,9,11.11111111111111
2018,El Salvador,ESA,1,1,100.0
2018,Estonia,EST,1,8,12.5
2018,Finland,FIN,0,17,0.0
2018,France,FRA,21,170,12.352941176470589
2018,Georgia,GEO,1,8,12.5
2018,Germany,GER,14,120,11.666666666666666
2018,Great Britain,GBR,5,79,6.329113924050633
2018,Greece,GRE,1,13,7.6923076923076925
2018,Guadeloupe,GUD,0,1,0.0
2018,Guatemala,GUA,0,3,0.0
2018,Hong Kong,HKG,0,9,0.0
2018,Hungary,HUN,1,18,5.555555555555555
2018,India,IND,3,60,5.0
2018,Indonesia,INA,0,5,0.0
2018,Iran,IRI,0,5,0.0
2018,Ireland,IRL,0,8,0.0
2018,Israel,ISR,1,34,2.941176470588235
2018,Italy,ITA,14,194,7.216494845360824
2018,Jamaica,JAM,1,2,50.0
2018,Japan,JPN,6,90,6.666666666666667
2018,Jordan,JOR,0,1,0.0
2018,Kazakhstan,KAZ,2,15,13.333333333333334
2018,Kenya,KEN,0,1,0.0
2018,Kosovo,KOS,0,1,0.0
2018,Kuwait,KUW,0,2,0.0
2018,Kyrgyzstan,KGZ,0,1,0.0
2018,Latvia,LAT,1,8,12.5
2018,Lebanon,LBN,0,3,0.0
2018,Libya,LBA,0,1,0.0
2018,Lithuania,LTU,1,9,11.11111111111111
2018,Luxembourg,LUX,1,7,14.285714285714285
2018,Malaysia,MAS,0,4,0.0
2018,Mexico,MEX,1,28,3.571428571428571
2018,Moldova,MDA,1,3,33.33333333333333
2018,Monaco,MON,0,4,0.0
2018,Montenegro,MNE,0,4,0.0
2018,Morocco,MAR,0,15,0.0
2018,Namibia,NAM,0,1,0.0
2018,Netherlands,NED,2,50,4.0
2018,New Zealand,NZL,0,11,0.0
2018,Nigeria,NGR,0,8,0.0
2018,North Macedonia,MKD,0,6,0.0
2018,Northern Mariana Islands,NMI,0,1,0.0
2018,Norway,NOR,1,5,20.0
2018,Pakistan,PAK,0,7,0.0
2018,Paraguay,PAR,0,1,0.0
2018,Peru,PER,0,15,0.0
2018,Philippines,PHI,0,5,0.0
2018,Poland,POL,2,30,6.666666666666667
2018,Portugal,POR,3,30,10.0
2018,Puerto Rico,PUR,0,1,0.0
2018,Qatar,QAT,0,2,0.0
2018,Romania,ROU,1,46,2.1739130434782608
2018,Russia,RUS,6,94,6.382978723404255
2018,San Marino,SMR,0,1,0.0
2018,Serbia,SRB,7,32,21.875
2018,Singapore,SGP,0,3,0.0
2018,Slovak Republic,SVK,4,28,14.285714285714285
2018,Slovenia,SLO,2,15,13.333333333333334
2018,South Africa,RSA,2,14,14.285714285714285
2018,South Korea,KOR,2,50,4.0
2018,Spain,ESP,16,128,12.5
2018,Sri Lanka,SRI,0,3,0.0
2018,Sweden,SWE,1,35,2.857142857142857
2018,Switzerland,SUI,3,32,9.375
2018,Thailand,THA,0,22,0.0
2018,Togo,TOG,0,1,0.0
2018,Tunisia,TUN,1,9,11.11111111111111
2018,Turkiye,TUR,0,20,0.0
2018,Turkmenistan,TKM,0,1,0.0
2018,Uganda,UGA,0,1,0.0
2018,Ukraine,UKR,2,38,5.263157894736842
2018,United Arab Emirates,UAE,0,1,0.0
2018,United States,USA,22,219,10.045662100456621
2018,Uruguay,URU,1,9,11.11111111111111
2018,Uzbekistan,UZB,1,18,5.555555555555555
2018,Venezuela,VEN,0,6,0.0
2018,Vietnam,VIE,0,5,0.0
2018,Zimbabwe,ZIM,0,6,0.0
2019,Algeria,ALG,0,6,0.0
2019,Antigua,ANT,0,1,0.0
2019,Argentina,ARG,9,90,10.0
2019,Australia,AUS,12,68,17.647058823529413
2019,Austria,AUT,3,32,9.375
2019,Bahamas,BAH,0,3,0.0
2019,Bahrain,BRN,0,1,0.0
2019,Barbados,BAR,1,1,100.0
2019,Belarus,BLR,2,15,13.333333333333334
2019,Belgium,BEL,4,35,11.428571428571429
2019,Benin,BEN,0,1,0.0
2019,Bolivia,BOL,1,10,10.0
2019,Bosnia-Herzegovina,BIH,2,8,25.0
2019,Brazil,BRA,1,49,2.0408163265306123
2019,Bulgaria,BUL,1,19,5.263157894736842
2019,Burundi,BDI,0,1,0.0
2019,Canada,CAN,7,32,21.875
2019,Chile,CHI,2,19,10.526315789473683
2019,China,CHN,3,46,6.521739130434782
2019,Chinese Taipei,TPE,1,19,5.263157894736842
2019,Colombia,COL,2,26,7.6923076923076925
2019,Costa Rica,CRC,0,1,0.0
2019,Croatia,CRO,4,26,15.384615384615385
2019,Curacao,CUW,0,1,0.0
2019,Cyprus,CYP,1,3,33.33333333333333
2019,Czechia,CZE,2,50,4.0
2019,Denmark,DEN,1,8,12.5
2019,Dominican Republic,DOM,0,8,0.0
2019,Ecuador,ECU,1,12,8.333333333333332
2019,Egypt,EGY,1,11,9.090909090909092
2019,El Salvador,ESA,0,3,0.0
2019,Estonia,EST,0,8,0.0
2019,Finland,FIN,0,12,0.0
2019,France,FRA,18,155,11.612903225806452
2019,Georgia,GEO,1,8,12.5
2019,Germany,GER,16,104,15.384615384615385
2019,Ghana,GHA,0,2,0.0
2019,Great Britain,GBR,6,75,8.0
2019,Greece,GRE,1,16,6.25
2019,Guatemala,GUA,0,3,0.0
2019,Hong Kong,HKG,0,6,0.0
2019,Hungary,HUN,2,16,12.5
2019,India,IND,3,55,5.454545454545454
2019,Indonesia,INA,0,4,0.0
2019,Iran,IRI,0,2,0.0
2019,Ireland,IRL,0,6,0.0
2019,Israel,ISR,0,26,0.0
2019,Italy,ITA,17,181,9.392265193370166
2019,Ivory Coast,CIV,0,1,0.0
2019,Jamaica,JAM,1,3,33.33333333333333
2019,Japan,JPN,9,85,10.588235294117647
2019,Jordan,JOR,0,1,0.0
2019,Kazakhstan,KAZ,2,14,14.285714285714285
2019,Kenya,KEN,0,2,0.0
2019,Kosovo,KOS,0,1,0.0
2019,Kuwait,KUW,0,2,0.0
2019,Latvia,LAT,1,6,16.666666666666664
2019,Lebanon,LBN,0,3,0.0
2019,Lithuania,LTU,1,8,12.5
2019,Luxembourg,LUX,0,2,0.0
2019,Madagascar,MAD,0,1,0.0
2019,Malaysia,MAS,0,3,0.0
2019,Mexico,MEX,1,21,4.761904761904762
2019,Moldova,MDA,1,3,33.33333333333333
2019,Monaco,MON,0,4,0.0
2019,Montenegro,MNE,0,3,0.0
2019,Morocco,MAR,1,12,8.333333333333332
2019,Mozambique,MOZ,0,1,0.0
2019,Namibia,NAM,0,1,0.0
2019,Netherlands,NED,2,47,4.25531914893617
2019,New Zealand,NZL,0,14,0.0
2019,Nigeria,NGR,0,5,0.0
2019,North Macedonia,MKD,0,5,0.0
2019,Northern Mariana Islands,NMI,0,1,0.0
2019,Norway,NOR,1,5,20.0
2019,Pakistan,PAK,0,4,0.0
2019,Paraguay,PAR,0,3,0.0
2019,Peru,PER,0,15,0.0
2019,Philippines,PHI,0,5,0.0
2019,Poland,POL,2,29,6.896551724137931
2019,Portugal,POR,3,30,10.0
2019,Qatar,QAT,0,3,0.0
2019,Romania,ROU,1,40,2.5
2019,Russia,RUS,5,85,5.88235294117647
2019,San Marino,SMR,0,1,0.0
2019,Serbia,SRB,8,39,20.51282051282051
2019,Singapore,SGP,0,3,0.0
2019,Slovak Republic,SVK,5,24,20.833333333333336
2019,Slovenia,SLO,2,11,18.181818181818183
2019,South Africa,RSA,2,18,11.11111111111111
2019,South Korea,KOR,2,35,5.714285714285714
2019,Spain,ESP,15,118,12.711864406779661
2019,Sweden,SWE,2,38,5.263157894736842
2019,Switzerland,SUI,3,35,8.571428571428571
2019,Syria,SYR,0,1,0.0
2019,Thailand,THA,0,20,0.0
2019,Togo,TOG,0,1,0.0
2019,Tunisia,TUN,1,9,11.11111111111111
2019,Turkiye,TUR,0,18,0.0
2019,Turkmenistan,TKM,0,1,0.0
2019,Ukraine,UKR,1,38,2.631578947368421
2019,United States,USA,20,213,9.389671361502346
2019,Uruguay,URU,1,6,16.666666666666664
2019,Uzbekistan,UZB,1,15,6.666666666666667
2019,Venezuela,VEN,0,5,0.0
2019,Vietnam,VIE,0,4,0.0
2019,Zimbabwe,ZIM,0,6,0.0
2020,Algeria,ALG,0,2,0.0
2020,Antigua,ANT,0,1,0.0
2020,Argentina,ARG,7,66,10.606060606060606
2020,Australia,AUS,11,49,22.448979591836736
2020,Austria,AUT,4,21,19.047619047619047
2020,Bahamas,BAH,0,1,0.0
2020,Barbados,BAR,0,1,0.0
2020,Belarus,BLR,2,12,16.666666666666664
2020,Belgium,BEL,3,26,11.538461538461538
2020,Bolivia,BOL,1,5,20.0
2020,Bosnia-Herzegovina,BIH,1,7,14.285714285714285
2020,Brazil,BRA,2,31,6.451612903225806
2020,Bulgaria,BUL,2,10,20.0
2020,Canada,CAN,5,21,23.809523809523807
2020,Chile,CHI,2,14,14.285714285714285
2020,China,CHN,0,13,0.0
2020,Chinese Taipei,TPE,1,12,8.333333333333332
2020,Colombia,COL,1,11,9.090909090909092
2020,Costa Rica,CRC,0,3,0.0
2020,Croatia,CRO,3,15,20.0
2020,Curacao,CUW,0,1,0.0
2020,Cyprus,CYP,0,1,0.0
2020,Czechia,CZE,2,35,5.714285714285714
2020,Denmark,DEN,0,3,0.0
2020,Dominican Republic,DOM,0,6,0.0
2020,Ecuador,ECU,1,6,16.666666666666664
2020,Egypt,EGY,1,7,14.285714285714285
2020,El Salvador,ESA,0,1,0.0
2020,Estonia,EST,0,6,0.0
2020,Finland,FIN,1,7,14.285714285714285
2020,France,FRA,16,143,11.188811188811188
2020,Georgia,GEO,1,5,20.0
2020,Germany,GER,9,75,12.0
2020,Great Britain,GBR,5,46,10.869565217391305
2020,Greece,GRE,1,12,8.333333333333332
2020,Guatemala,GUA,0,1,0.0
2020,Hong Kong,HKG,0,4,0.0
2020,Hungary,HUN,2,12,16.666666666666664
2020,India,IND,2,39,5.128205128205128
2020,Indonesia,INA,0,3,0.0
2020,Ireland,IRL,0,4,0.0
2020,Israel,ISR,0,12,0.0
2020,Italy,ITA,15,111,13.513513513513514
2020,Ivory Coast,CIV,0,1,0.0
2020,Jamaica,JAM,0,3,0.0
2020,Japan,JPN,7,44,15.909090909090908
2020,Jordan,JOR,0,2,0.0
2020,Kazakhstan,KAZ,3,14,21.428571428571427
2020,Kenya,KEN,0,2,0.0
2020,Latvia,LAT,1,4,25.0
2020,Lebanon,LBN,0,2,0.0
2020,Lithuania,LTU,1,4,25.0
2020,Malaysia,MAS,0,2,0.0
2020,Mexico,MEX,1,9,11.11111111111111
2020,Moldova,MDA,1,4,25.0
2020,Monaco,MON,0,3,0.0
2020,Montenegro,MNE,0,2,0.0
2020,Morocco,MAR,1,7,14.285714285714285
2020,Netherlands,NED,1,27,3.7037037037037033
2020,New Zealand,NZL,0,6,0.0
2020,North Macedonia,MKD,0,3,0.0
2020,Northern Mariana Islands,NMI,0,1,0.0
2020,Norway,NOR,1,6,16.666666666666664
2020,Pakistan,PAK,0,2,0.0
2020,Paraguay,PAR,0,2,0.0
2020,Peru,PER,0,10,0.0
2020,Philippines,PHI,0,3,0.0
2020,Poland,POL,2,21,9.523809523809524
2020,Portugal,POR,2,18,11.11111111111111
2020,Qatar,QAT,0,2,0.0
2020,Romania,ROU,0,28,0.0
2020,Russia,RUS,6,69,8.695652173913043
2020,Serbia,SRB,7,16,43.75
2020,Singapore,SGP,0,1,0.0
2020,Slovak Republic,SVK,3,16,18.75
2020,Slovenia,SLO,1,8,12.5
2020,South Africa,RSA,2,14,14.285714285714285
2020,South Korea,KOR,1,8,12.5
2020,Spain,ESP,12,72,16.666666666666664
2020,Sri Lanka,SRI,0,2,0.0
2020,Sweden,SWE,1,21,4.761904761904762
2020,Switzerland,SUI,3,25,12.0
2020,Syria,SYR,0,1,0.0
2020,Thailand,THA,0,11,0.0
2020,Tunisia,TUN,0,8,0.0
2020,Turkiye,TUR,0,19,0.0
2020,Ukraine,UKR,0,27,0.0
2020,United States,USA,21,133,15.789473684210526
2020,Uruguay,URU,1,5,20.0
2020,Uzbekistan,UZB,0,7,0.0
2020,Venezuela,VEN,0,5,0.0
2020,Vietnam,VIE,0,3,0.0
2020,Zimbabwe,ZIM,0,5,0.0
2021,Algeria,ALG,0,5,0.0
2021,Antigua,ANT,0,1,0.0
2021,Argentina,ARG,13,88,14.772727272727273
2021,Australia,AUS,14,43,32.55813953488372
2021,Austria,AUT,4,26,15.384615384615385
2021,Bahamas,BAH,0,1,0.0
2021,Bahrain,BRN,0,2,0.0
2021,Barbados,BAR,0,2,0.0
2021,Belarus,BLR,2,14,14.285714285714285
2021,Belgium,BEL,3,31,9.67741935483871
2021,Bolivia,BOL,1,11,9.090909090909092
2021,Bosnia-Herzegovina,BIH,1,9,11.11111111111111
2021,Brazil,BRA,4,56,7.142857142857142
2021,Bulgaria,BUL,1,21,4.761904761904762
2021,Burundi,BDI,0,1,0.0
2021,Canada,CAN,6,23,26.08695652173913
2021,Chile,CHI,3,26,11.538461538461538
2021,China,CHN,1,10,10.0
2021,Chinese Taipei,TPE,2,14,14.285714285714285
2021,Colombia,COL,1,25,4.0
2021,Costa Rica,CRC,0,1,0.0
2021,Croatia,CRO,4,25,16.0
2021,Cuba,CUB,0,1,0.0
2021,Cyprus,CYP,0,4,0.0
2021,Czechia,CZE,4,50,8.0
2021,Denmark,DEN,2,14,14.285714285714285
2021,Dominican Republic,DOM,0,4,0.0
2021,Ecuador,ECU,1,11,9.090909090909092
2021,Egypt,EGY,0,9,0.0
2021,El Salvador,ESA,0,1,0.0
2021,Estonia,EST,0,8,0.0
2021,Finland,FIN,1,11,9.090909090909092
2021,France,FRA,23,161,14.285714285714285
2021,Georgia,GEO,1,6,16.666666666666664
2021,Germany,GER,14,101,13.861386138613863
2021,Great Britain,GBR,6,68,8.823529411764707
2021,Greece,GRE,1,16,6.25
2021,Guatemala,GUA,0,2,0.0
2021,Hong Kong,HKG,0,1,0.0
2021,Hungary,HUN,1,15,6.666666666666667
2021,India,IND,3,57,5.263157894736842
2021,Indonesia,INA,0,2,0.0
2021,Iran,IRI,0,1,0.0
2021,Ireland,IRL,0,3,0.0
2021,Israel,ISR,0,25,0.0
2021,Italy,ITA,16,175,9.142857142857142
2021,Ivory Coast,CIV,0,1,0.0
2021,Jamaica,JAM,0,3,0.0
2021,Japan,JPN,5,58,8.620689655172415
2021,Jordan,JOR,0,2,0.0
2021,Kazakhstan,KAZ,3,18,16.666666666666664
2021,Kuwait,KUW,0,4,0.0
2021,Latvia,LAT,1,4,25.0
2021,Lebanon,LBN,0,2,0.0
2021,Libya,LBA,0,1,0.0
2021,Lithuania,LTU,1,12,8.333333333333332
2021,Luxembourg,LUX,0,4,0.0
2021,Madagascar,MAD,0,1,0.0
2021,Malaysia,MAS,0,1,0.0
2021,Mexico,MEX,1,13,7.6923076923076925
2021,Moldova,MDA,1,4,25.0
2021,Monaco,MON,0,3,0.0
2021,Montenegro,MNE,0,3,0.0
2021,Morocco,MAR,0,6,0.0
2021,Mozambique,MOZ,0,1,0.0
2021,Namibia,NAM,0,1,0.0
2021,Netherlands,NED,3,40,7.5
2021,New Zealand,NZL,0,5,0.0
2021,Nigeria,NGR,0,1,0.0
2021,North Macedonia,MKD,0,7,0.0
2021,Northern Mariana Islands,NMI,0,1,0.0
2021,Norway,NOR,1,5,20.0
2021,Pakistan,PAK,0,3,0.0
2021,Paraguay,PAR,0,4,0.0
2021,Peru,PER,1,13,7.6923076923076925
2021,Philippines,PHI,0,1,0.0
2021,Poland,POL,3,31,9.67741935483871
2021,Portugal,POR,3,27,11.11111111111111
2021,Qatar,QAT,0,3,0.0
2021,Romania,ROU,1,36,2.7777777777777777
2021,Russia,RUS,6,85,7.0588235294117645
2021,San Marino,SMR,0,1,0.0
2021,Saudi Arabia,KSA,0,1,0.0
2021,Senegal,SEN,0,1,0.0
2021,Serbia,SRB,8,41,19.51219512195122
2021,Singapore,SGP,0,2,0.0
2021,Slovak Republic,SVK,6,21,28.57142857142857
2021,Slovenia,SLO,2,11,18.181818181818183
2021,South Africa,RSA,2,16,12.5
2021,South Korea,KOR,1,11,9.090909090909092
2021,Spain,ESP,14,98,14.285714285714285
2021,Sweden,SWE,2,21,9.523809523809524
2021,Switzerland,SUI,4,38,10.526315789473683
2021,Syria,SYR,0,1,0.0
2021,Thailand,THA,0,9,0.0
2021,Togo,TOG,0,1,0.0
2021,Tunisia,TUN,0,8,0.0
2021,Turkiye,TUR,2,21,9.523809523809524
2021,Ukraine,UKR,2,31,6.451612903225806
2021,United Arab Emirates,UAE,0,1,0.0
2021,United States,USA,23,182,12.637362637362637
2021,Uruguay,URU,1,7,14.285714285714285
2021,Uzbekistan,UZB,1,10,10.0
2021,Venezuela,VEN,0,4,0.0
2021,Vietnam,VIE,0,1,0.0
2021,Zimbabwe,ZIM,0,3,0.0
2022,Algeria,ALG,0,8,0.0
2022,Antigua,ANT,0,1,0.0
2022,Argentina,ARG,18,101,17.82178217821782
2022,Australia,AUS,12,97,12.371134020618557
2022,Austria,AUT,5,33,15.151515151515152
2022,Bahamas,BAH,0,2,0.0
2022,Barbados,BAR,0,2,0.0
2022,Belarus,BLR,2,16,12.5
2022,Belgium,BEL,2,31,6.451612903225806
2022,Benin,BEN,0,1,0.0
2022,Bolivia,BOL,1,10,10.0
2022,Bosnia-Herzegovina,BIH,1,10,10.0
2022,Brazil,BRA,3,56,5.357142857142857
2022,Bulgaria,BUL,2,23,8.695652173913043
2022,Burkina Faso,BUR,0,1,0.0
2022,Burundi,BDI,0,1,0.0
2022,Cambodia,CAM,0,1,0.0
2022,Canada,CAN,4,30,13.333333333333334
2022,Chile,CHI,4,26,15.384615384615385
2022,China,CHN,2,37,5.405405405405405
2022,Chinese Taipei,TPE,3,17,17.647058823529413
2022,Colombia,COL,1,24,4.166666666666666
2022,Costa Rica,CRC,0,1,0.0
2022,Croatia,CRO,4,26,15.384615384615385
2022,Cyprus,CYP,0,5,0.0
2022,Czechia,CZE,6,59,10.16949152542373
2022,Denmark,DEN,1,12,8.333333333333332
2022,Dominican Republic,DOM,0,6,0.0
2022,Ecuador,ECU,1,12,8.333333333333332
2022,Egypt,EGY,0,12,0.0
2022,El Salvador,ESA,0,2,0.0
2022,Estonia,EST,0,9,0.0
2022,Finland,FIN,1,13,7.6923076923076925
2022,France,FRA,20,183,10.92896174863388
2022,Georgia,GEO,1,7,14.285714285714285
2022,Germany,GER,13,117,11.11111111111111
2022,Ghana,GHA,0,2,0.0
2022,Great Britain,GBR,9,98,9.183673469387756
2022,Greece,GRE,1,15,6.666666666666667
2022,Guadeloupe,GUD,0,1,0.0
2022,Guatemala,GUA,0,4,0.0
2022,Hong Kong,HKG,0,3,0.0
2022,Hungary,HUN,3,15,20.0
2022,India,IND,2,62,3.225806451612903
2022,Indonesia,INA,0,7,0.0
2022,Iran,IRI,0,1,0.0
2022,Ireland,IRL,0,5,0.0
2022,Israel,ISR,0,32,0.0
2022,Italy,ITA,21,208,10.096153846153847
2022,Ivory Coast,CIV,0,1,0.0
2022,Jamaica,JAM,0,3,0.0
2022,Japan,JPN,3,83,3.614457831325301
2022,Jordan,JOR,0,2,0.0
2022,Kazakhstan,KAZ,5,17,29.411764705882355
2022,Kuwait,KUW,0,3,0.0
2022,Latvia,LAT,0,5,0.0
2022,Lebanon,LBN,0,1,0.0
2022,Lithuania,LTU,1,10,10.0
2022,Luxembourg,LUX,0,4,0.0
2022,Madagascar,MAD,0,1,0.0
2022,Malaysia,MAS,0,6,0.0
2022,Mexico,MEX,1,25,4.0
2022,Moldova,MDA,1,4,25.0
2022,Monaco,MON,0,4,0.0
2022,Montenegro,MNE,0,3,0.0
2022,Morocco,MAR,0,17,0.0
2022,Namibia,NAM,0,1,0.0
2022,Netherlands,NED,5,46,10.869565217391305
2022,New Zealand,NZL,0,13,0.0
2022,Nigeria,NGR,0,1,0.0
2022,North Macedonia,MKD,0,7,0.0
2022,Northern Mariana Islands,NMI,0,1,0.0
2022,Norway,NOR,1,5,20.0
2022,Pakistan,PAK,0,4,0.0
2022,Paraguay,PAR,0,3,0.0
2022,Peru,PER,1,16,6.25
2022,Philippines,PHI,0,2,0.0
2022,Poland,POL,2,40,5.0
2022,Portugal,POR,4,34,11.76470588235294
2022,Romania,ROU,0,40,0.0
2022,Russia,RUS,6,72,8.333333333333332
2022,San Marino,SMR,0,1,0.0
2022,Saudi Arabia,KSA,0,1,0.0
2022,Senegal,SEN,0,1,0.0
2022,Serbia,SRB,6,38,15.789473684210526
2022,Slovak Republic,SVK,4,21,19.047619047619047
2022,Slovenia,SLO,1,17,5.88235294117647
2022,South Africa,RSA,2,14,14.285714285714285
2022,South Korea,KOR,1,30,3.3333333333333335
2022,Spain,ESP,13,114,11.403508771929824
2022,Sri Lanka,SRI,0,1,0.0
2022,Sweden,SWE,2,32,6.25
2022,Switzerland,SUI,6,45,13.333333333333334
2022,Syria,SYR,0,1,0.0
2022,Thailand,THA,0,21,0.0
2022,Togo,TOG,0,1,0.0
2022,Tunisia,TUN,0,7,0.0
2022,Turkiye,TUR,1,25,4.0
2022,Ukraine,UKR,0,25,0.0
2022,United States,USA,26,227,11.45374449339207
2022,Uruguay,URU,1,8,12.5
2022,Uzbekistan,UZB,0,9,0.0
2022,Venezuela,VEN,0,5,0.0
2022,Vietnam,VIE,0,7,0.0
2022,Zimbabwe,ZIM,0,4,0.0
2023,Algeria,ALG,0,4,0.0
2023,Antigua,ANT,0,1,0.0
2023,Argentina,ARG,20,107,18.69158878504673
2023,Armenia,ARM,0,1,0.0
2023,Australia,AUS,15,90,16.666666666666664
2023,Austria,AUT,5,31,16.129032258064516
2023,Azerbaijan,AZE,0,1,0.0
2023,Bahamas,BAH,0,2,0.0
2023,Bahrain,BRN,0,1,0.0
2023,Barbados,BAR,0,2,0.0
2023,Belarus,BLR,2,12,16.666666666666664
2023,Belgium,BEL,5,29,17.24137931034483
2023,Bolivia,BOL,1,7,14.285714285714285
2023,Bosnia-Herzegovina,BIH,1,10,10.0
2023,Brazil,BRA,3,59,5.084745762711865
2023,Bulgaria,BUL,3,27,11.11111111111111
2023,Burundi,BDI,0,1,0.0
2023,Cambodia,CAM,0,1,0.0
2023,Canada,CAN,6,39,15.384615384615385
2023,Chile,CHI,4,25,16.0
2023,China,CHN,3,56,5.357142857142857
2023,Chinese Taipei,TPE,3,21,14.285714285714285
2023,Colombia,COL,1,20,5.0
2023,Costa Rica,CRC,0,1,0.0
2023,Croatia,CRO,2,27,7.4074074074074066
2023,Curacao,CUW,0,1,0.0
2023,Cyprus,CYP,0,6,0.0
2023,Czechia,CZE,7,64,10.9375
2023,Denmark,DEN,1,12,8.333333333333332
2023,Dominican Republic,DOM,0,4,0.0
2023,Ecuador,ECU,1,9,11.11111111111111
2023,Egypt,EGY,0,10,0.0
2023,El Salvador,ESA,0,3,0.0
2023,Estonia,EST,0,7,0.0
2023,Finland,FIN,2,12,16.666666666666664
2023,France,FRA,28,183,15.300546448087433
2023,Georgia,GEO,1,8,12.5
2023,Germany,GER,7,120,5.833333333333333
2023,Ghana,GHA,0,2,0.0
2023,Great Britain,GBR,10,92,10.869565217391305
2023,Greece,GRE,1,15,6.666666666666667
2023,Guadeloupe,GUD,0,2,0.0
2023,Guatemala,GUA,0,1,0.0
2023,Hong Kong,HKG,0,3,0.0
2023,Hungary,HUN,3,18,16.666666666666664
2023,India,IND,1,55,1.8181818181818181
2023,Indonesia,INA,0,8,0.0
2023,Iran,IRI,0,8,0.0
2023,Ireland,IRL,0,7,0.0
2023,Israel,ISR,0,22,0.0
2023,Italy,ITA,23,202,11.386138613861387
2023,Ivory Coast,CIV,0,1,0.0
2023,Jamaica,JAM,0,3,0.0
2023,Japan,JPN,7,92,7.608695652173914
2023,Jordan,JOR,1,3,33.33333333333333
2023,Kazakhstan,KAZ,4,17,23.52941176470588
2023,Kenya,KEN,0,1,0.0
2023,Kuwait,KUW,0,3,0.0
2023,Latvia,LAT,0,4,0.0
2023,Lebanon,LBN,0,3,0.0
2023,Lithuania,LTU,0,7,0.0
2023,Luxembourg,LUX,0,6,0.0
2023,Madagascar,MAD,0,1,0.0
2023,Malaysia,MAS,0,4,0.0
2023,Malta,MLT,0,3,0.0
2023,Mexico,MEX,0,21,0.0
2023,Moldova,MDA,1,4,25.0
2023,Monaco,MON,0,4,0.0
2023,Montenegro,MNE,0,2,0.0
2023,Morocco,MAR,0,14,0.0
2023,Netherlands,NED,4,53,7.547169811320755
2023,New Zealand,NZL,0,13,0.0
2023,Nigeria,NGR,0,1,0.0
2023,North Macedonia,MKD,0,7,0.0
2023,Northern Mariana Islands,NMI,0,1,0.0
2023,Norway,NOR,1,6,16.666666666666664
2023,Pakistan,PAK,0,5,0.0
2023,Paraguay,PAR,0,3,0.0
2023,Peru,PER,1,12,8.333333333333332
2023,Philippines,PHI,0,2,0.0
2023,Poland,POL,1,41,2.4390243902439024
2023,Portugal,POR,3,34,8.823529411764707
2023,Puerto Rico,PUR,0,1,0.0
2023,Qatar,QAT,0,2,0.0
2023,Romania,ROU,1,39,2.564102564102564
2023,Russia,RUS,7,79,8.860759493670885
2023,San Marino,SMR,0,1,0.0
2023,Saudi Arabia,KSA,0,1,0.0
2023,Senegal,SEN,0,1,0.0
2023,Serbia,SRB,6,40,15.0
2023,Singapore,SGP,0,3,0.0
2023,Slovak Republic,SVK,4,22,18.181818181818183
2023,Slovenia,SLO,0,18,0.0
2023,South Africa,RSA,1,10,10.0
2023,South Korea,KOR,2,33,6.0606060606060606
2023,Spain,ESP,10,116,8.620689655172415
2023,Sweden,SWE,2,31,6.451612903225806
2023,Switzerland,SUI,6,49,12.244897959183673
2023,Syria,SYR,0,1,0.0
2023,Thailand,THA,0,20,0.0
2023,Togo,TOG,0,2,0.0
2023,Tunisia,TUN,0,8,0.0
2023,Turkiye,TUR,1,25,4.0
2023,Ukraine,UKR,1,25,4.0
2023,United States,USA,24,254,9.448818897637794
2023,Uruguay,URU,0,8,0.0
2023,Uzbekistan,UZB,0,7,0.0
2023,Venezuela,VEN,0,5,0.0
2023,Vietnam,VIE,0,5,0.0
2023,Zimbabwe,ZIM,0,4,0.0
2024,Algeria,ALG,0,3,0.0
2024,Angola,ANG,0,1,0.0
2024,Antigua,ANT,0,1,0.0
2024,Argentina,ARG,16,101,15.841584158415841
2024,Armenia,ARM,0,2,0.0
2024,Australia,AUS,17,90,18.88888888888889
2024,Austria,AUT,4,35,11.428571428571429
2024,Azerbaijan,AZE,0,1,0.0
2024,Bahamas,BAH,0,1,0.0
2024,Bahrain,BRN,0,1,0.0
2024,Barbados,BAR,0,1,0.0
2024,Belarus,BLR,0,14,0.0
2024,Belgium,BEL,3,29,10.344827586206897
2024,Bermuda,BER,0,1,0.0
2024,Bolivia,BOL,2,7,28.57142857142857
2024,Bosnia-Herzegovina,BIH,1,10,10.0
2024,Brazil,BRA,5,65,7.6923076923076925
2024,Bulgaria,BUL,2,30,6.666666666666667
2024,Burundi,BDI,0,1,0.0
2024,Cameroon,CMR,0,1,0.0
2024,Canada,CAN,5,33,15.151515151515152
2024,Chile,CHI,4,22,18.181818181818183
2024,China,CHN,3,55,5.454545454545454
2024,Chinese Taipei,TPE,2,18,11.11111111111111
2024,Colombia,COL,1,21,4.761904761904762
2024,Costa Rica,CRC,0,2,0.0
2024,Croatia,CRO,4,28,14.285714285714285
2024,Curacao,CUW,0,1,0.0
2024,Cyprus,CYP,0,7,0.0
2024,Czechia,CZE,6,55,10.909090909090908
2024,Denmark,DEN,1,12,8.333333333333332
2024,Dominican Republic,DOM,1,4,25.0
2024,Ecuador,ECU,0,7,0.0
2024,Egypt,EGY,0,8,0.0
2024,El Salvador,ESA,0,3,0.0
2024,Estonia,EST,1,6,16.666666666666664
2024,Finland,FIN,2,9,22.22222222222222
2024,France,FRA,32,192,16.666666666666664
2024,Gabon,GAB,0,1,0.0
2024,Georgia,GEO,0,7,0.0
2024,Germany,GER,8,112,7.142857142857142
2024,Ghana,GHA,0,2,0.0
2024,Great Britain,GBR,11,95,11.578947368421053
2024,Greece,GRE,1,14,7.142857142857142
2024,Guadeloupe,GUD,0,2,0.0
2024,Guatemala,GUA,0,2,0.0
2024,Hong Kong,HKG,1,7,14.285714285714285
2024,Hungary,HUN,3,23,13.043478260869565
2024,India,IND,1,62,1.6129032258064515
2024,Indonesia,INA,0,5,0.0
2024,Iran,IRI,0,10,0.0
2024,Ireland,IRL,0,7,0.0
2024,Israel,ISR,0,13,0.0
2024,Italy,ITA,18,206,8.737864077669903
2024,Ivory Coast,CIV,0,1,0.0
2024,Jamaica,JAM,0,3,0.0
2024,Japan,JPN,7,89,7.865168539325842
2024,Jordan,JOR,1,4,25.0
2024,Kazakhstan,KAZ,7,15,46.666666666666664
2024,Kenya,KEN,0,1,0.0
2024,Kosovo,KOS,0,1,0.0
2024,Kuwait,KUW,0,1,0.0
2024,Latvia,LAT,0,3,0.0
2024,Lebanon,LBN,0,4,0.0
2024,Libya,LBA,0,1,0.0
2024,Lithuania,LTU,1,6,16.666666666666664
2024,Luxembourg,LUX,0,5,0.0
2024,Malaysia,MAS,0,3,0.0
2024,Malta,MLT,0,2,0.0
2024,Mexico,MEX,0,27,0.0
2024,Moldova,MDA,1,4,25.0
2024,Monaco,MON,1,6,16.666666666666664
2024,Montenegro,MNE,0,1,0.0
2024,Morocco,MAR,0,16,0.0
2024,Mozambique,MOZ,0,1,0.0
2024,Namibia,NAM,0,1,0.0
2024,Netherlands,NED,4,52,7.6923076923076925
2024,New Zealand,NZL,0,14,0.0
2024,Nicaragua,NCA,0,1,0.0
2024,Nigeria,NGR,0,1,0.0
2024,North Macedonia,MKD,0,7,0.0
2024,Northern Mariana Islands,NMI,0,1,0.0
2024,Norway,NOR,1,7,14.285714285714285
2024,Pakistan,PAK,0,3,0.0
2024,Paraguay,PAR,0,4,0.0
2024,Peru,PER,1,14,7.142857142857142
2024,Philippines,PHI,0,1,0.0
2024,Poland,POL,3,43,6.976744186046512
2024,Portugal,POR,3,32,9.375
2024,Puerto Rico,PUR,0,1,0.0
2024,Qatar,QAT,0,2,0.0
2024,Romania,ROU,0,41,0.0
2024,Russia,RUS,7,87,8.045977011494253
2024,Saudi Arabia,KSA,0,1,0.0
2024,Senegal,SEN,0,1,0.0
2024,Serbia,SRB,5,40,12.5
2024,Singapore,SGP,0,4,0.0
2024,Slovak Republic,SVK,2,21,9.523809523809524
2024,Slovenia,SLO,0,18,0.0
2024,South Africa,RSA,1,19,5.263157894736842
2024,South Korea,KOR,2,34,5.88235294117647
2024,Spain,ESP,13,119,10.92436974789916
2024,Sweden,SWE,1,30,3.3333333333333335
2024,Switzerland,SUI,6,49,12.244897959183673
2024,Syria,SYR,0,1,0.0
2024,Thailand,THA,0,19,0.0
2024,Togo,TOG,0,3,0.0
2024,Tunisia,TUN,1,7,14.285714285714285
2024,Turkiye,TUR,0,23,0.0
2024,Ukraine,UKR,1,23,4.3478260869565215
2024,United States,USA,28,258,10.852713178294573
2024,Uruguay,URU,0,8,0.0
2024,Uzbekistan,UZB,0,6,0.0
2024,Venezuela,VEN,0,5,0.0
2024,Vietnam,VIE,0,3,0.0
2024,Zimbabwe,ZIM,0,4,0.0
2025,Algeria,ALG,0,3,0.0
2025,Angola,ANG,0,1,0.0
2025,Argentina,ARG,18,105,17.142857142857142
2025,Armenia,ARM,0,2,0.0
2025,Australia,AUS,17,79,21.518987341772153
2025,Austria,AUT,4,29,13.793103448275861
2025,Azerbaijan,AZE,0,1,0.0
2025,Bahamas,BAH,0,1,0.0
2025,Bahrain,BRN,0,1,0.0
2025,Barbados,BAR,0,2,0.0
2025,Belarus,BLR,0,15,0.0
2025,Belgium,BEL,6,27,22.22222222222222
2025,Benin,BEN,0,1,0.0
2025,Bermuda,BER,0,2,0.0
2025,Bolivia,BOL,2,11,18.181818181818183
2025,Bosnia-Herzegovina,BIH,1,9,11.11111111111111
2025,Brazil,BRA,4,72,5.555555555555555
2025,Bulgaria,BUL,1,23,4.3478260869565215
2025,Burkina Faso,BUR,0,1,0.0
2025,Canada,CAN,5,33,15.151515151515152
2025,Chile,CHI,4,24,16.666666666666664
2025,China,CHN,6,56,10.714285714285714
2025,Chinese Taipei,TPE,1,16,6.25
2025,Colombia,COL,2,25,8.0
2025,Costa Rica,CRC,0,1,0.0
2025,Croatia,CRO,5,22,22.727272727272727
2025,Cyprus,CYP,0,5,0.0
2025,Czechia,CZE,5,45,11.11111111111111
2025,Denmark,DEN,3,12,25.0
2025,Dominican Republic,DOM,0,4,0.0
2025,Ecuador,ECU,1,5,20.0
2025,Egypt,EGY,0,11,0.0
2025,El Salvador,ESA,0,4,0.0
2025,Estonia,EST,1,4,25.0
2025,Finland,FIN,2,12,16.666666666666664
2025,France,FRA,32,189,16.93121693121693
2025,Gabon,GAB,0,1,0.0
2025,Georgia,GEO,1,4,25.0
2025,Germany,GER,7,118,5.932203389830509
2025,Ghana,GHA,0,2,0.0
2025,Great Britain,GBR,14,96,14.583333333333334
2025,Greece,GRE,1,15,6.666666666666667
2025,Guadeloupe,GUD,0,1,0.0
2025,Guatemala,GUA,0,2,0.0
2025,Hong Kong,HKG,1,7,14.285714285714285
2025,Hungary,HUN,3,24,12.5
2025,India,IND,1,54,1.8518518518518516
2025,Indonesia,INA,0,7,0.0
2025,Iran,IRI,0,6,0.0
2025,Ireland,IRL,0,7,0.0
2025,Israel,ISR,0,7,0.0
2025,Italy,ITA,19,190,10.0
2025,Ivory Coast,CIV,0,1,0.0
2025,Jamaica,JAM,0,3,0.0
2025,Japan,JPN,10,91,10.989010989010989
2025,Jordan,JOR,0,3,0.0
2025,Kazakhstan,KAZ,6,14,42.857142857142854
2025,Kosovo,KOS,0,1,0.0
2025,Kuwait,KUW,0,3,0.0
2025,Latvia,LAT,0,4,0.0
2025,Lebanon,LBN,1,4,25.0
2025,Libya,LBA,0,1,0.0
2025,Lithuania,LTU,2,7,28.57142857142857
2025,Luxembourg,LUX,1,5,20.0
2025,Malaysia,MAS,0,4,0.0
2025,Malta,MLT,0,3,0.0
2025,Mexico,MEX,1,26,3.8461538461538463
2025,Moldova,MDA,0,2,0.0
2025,Monaco,MON,1,4,25.0
2025,Montenegro,MNE,0,1,0.0
2025,Morocco,MAR,0,14,0.0
2025,Namibia,NAM,0,1,0.0
2025,Netherlands,NED,4,47,8.51063829787234
2025,New Zealand,NZL,0,13,0.0
2025,Nicaragua,NCA,0,1,0.0
2025,Nigeria,NGR,0,1,0.0
2025,North Macedonia,MKD,0,5,0.0
2025,Northern Mariana Islands,NMI,0,1,0.0
2025,Norway,NOR,3,12,25.0
2025,Pakistan,PAK,0,5,0.0
2025,Paraguay,PAR,1,4,25.0
2025,Peru,PER,1,11,9.090909090909092
2025,Philippines,PHI,0,5,0.0
2025,Poland,POL,2,40,5.0
2025,Portugal,POR,3,30,10.0
2025,Puerto Rico,PUR,0,1,0.0
2025,Qatar,QAT,0,1,0.0
2025,Romania,ROU,1,38,2.631578947368421
2025,Russia,RUS,6,78,7.6923076923076925
2025,Saudi Arabia,KSA,0,1,0.0
2025,Senegal,SEN,0,1,0.0
2025,Serbia,SRB,5,36,13.88888888888889
2025,Singapore,SGP,0,4,0.0
2025,Slovak Republic,SVK,2,19,10.526315789473683
2025,Slovenia,SLO,0,20,0.0
2025,South Africa,RSA,1,16,6.25
2025,South Korea,KOR,0,34,0.0
2025,Spain,ESP,16,110,14.545454545454545
2025,Sweden,SWE,1,35,2.857142857142857
2025,Switzerland,SUI,5,44,11.363636363636363
2025,Syria,SYR,0,1,0.0
2025,Thailand,THA,1,19,5.263157894736842
2025,Togo,TOG,0,2,0.0
2025,Tunisia,TUN,2,8,25.0
2025,Turkiye,TUR,0,25,0.0
2025,Ukraine,UKR,1,22,4.545454545454546
2025,United States,USA,29,250,11.600000000000001
2025,Uruguay,URU,0,7,0.0
2025,Uzbekistan,UZB,0,10,0.0
2025,Venezuela,VEN,0,7,0.0
2025,Vietnam,VIE,0,1,0.0
2025,Zimbabwe,ZIM,0,2,0.0
