rank,player_name,age,points,n_tournaments,diff_rank_three,last_name
1,Carlos Alcaraz,22,12050,19,6890,Alcaraz
2,Jannik Sinner,24,11500,18,6340,Sinner
3,Alexander Zverev,28,5160,24,0,Zverev
4,Novak Djokovic,38,4830,20,330,Djokovic
5,Felix Auger-Aliassime,25,4245,28,915,Auger-Aliassime
6,Taylor Fritz,28,4135,23,1025,Fritz
7,Alex de Minaur,26,4135,23,1025,de Minaur
8,Lorenzo Musetti,23,4040,23,1120,Musetti
9,Ben Shelton,23,3970,23,1190,Shelton
10,Jack Draper,23,2990,17,2170,Draper
11,Alexander Bublik,28,2870,29,2290,Bublik
12,Casper Ruud,26,2835,21,2325,Ruud
13,Daniil Medvedev,29,2760,24,2400,Medvedev
14,Alejandro Davidovich Fokina,26,2635,26,2525,Davidovich Fokina
15,Holger Rune,22,2590,21,2570,Rune
16,Andrey Rublev,28,2520,26,2640,Rublev
17,Jiri Lehecka,24,2325,23,2835,Lehecka
18,Karen Khachanov,29,2320,24,2840,Khachanov
19,Jakub Mensik,20,2180,23,2980,Mensik
20,Tommy Paul,28,2100,20,3060,Paul
21,Francisco Cerundolo,27,2085,24,3075,Cerundolo
22,Flavio Cobolli,23,2025,30,3135,Cobolli
23,Denis Shapovalov,26,1675,24,3485,Shapovalov
24,Joao Fonseca,19,1635,21,3525,Fonseca
25,Tallon Griekspoor,29,1615,27,3545,Griekspoor
26,Luciano Darderi,23,1609,35,3551,Darderi
27,Cameron Norrie,30,1573,27,3587,Norrie
28,Learner Tien,20,1550,25,3610,Tien
29,Arthur Rinderknech,30,1540,31,3620,Rinderknech
30,Frances Tiafoe,27,1510,22,3650,Tiafoe
31,Valentin Vacherot,27,1483,23,3677,Vacherot
32,Tomas Machac,25,1445,20,3715,Machac
33,Brandon Nakashima,24,1430,30,3730,Nakashima
34,Stefanos Tsitsipas,27,1425,21,3735,Tsitsipas
35,Corentin Moutet,26,1408,27,3752,Moutet
36,Jaume Munar,28,1395,25,3765,Munar
37,Ugo Humbert,27,1380,23,3780,Humbert
38,Alex Michelsen,21,1325,27,3835,Michelsen
39,Lorenzo Sonego,30,1265,29,3895,Sonego
40,Arthur Fils,21,1260,18,3900,Fils
41,Gabriel Diallo,24,1253,25,3907,Diallo
42,Alexandre Muller,28,1230,30,3930,Muller
43,Zizou Bergs,26,1218,27,3942,Bergs
44,Grigor Dimitrov,34,1180,18,3980,Dimitrov
45,Sebastian Baez,24,1155,29,4005,Baez
46,Daniel Altmaier,27,1148,31,4012,Altmaier
47,Nuno Borges,28,1145,30,4015,Borges
48,Sebastian Korda,25,1100,23,4060,Korda
49,Camilo Ugo Carabelli,26,1053,28,4107,Ugo Carabelli
50,Reilly Opelka,28,1026,26,4134,Opelka
51,Fabian Marozsan,26,1025,24,4135,Marozsan
52,Miomir Kecmanovic,26,1025,30,4135,Kecmanovic
53,Jenson Brooksby,25,1017,22,4143,Brooksby
54,Alexei Popyrin,26,1000,25,4160,Popyrin
55,Marton Fucsovics,33,963,20,4197,Fucsovics
56,Matteo Berrettini,29,945,21,4215,Berrettini
57,Valentin Royer,24,936,28,4224,Royer
58,Giovanni Mpetshi Perricard,22,925,27,4235,Mpetshi Perricard
59,Tomas Martin Etcheverry,26,920,33,4240,Martin Etcheverry
60,Aleksandar Kovacevic,27,890,32,4270,Kovacevic
61,Matteo Arnaldi,24,883,25,4277,Arnaldi
62,Kamil Majchrzak,29,861,20,4299,Majchrzak
63,Terence Atmane,23,855,25,4305,Atmane
64,Marcos Giron,32,855,28,4305,Giron
65,Damir Dzumhur,33,850,31,4310,Dzumhur
66,Arthur Cazaux,23,848,22,4312,Cazaux
67,Francisco Comesana,25,845,24,4315,Comesana
68,Gael Monfils,39,825,20,4335,Monfils
69,Adrian Mannarino,37,817,25,4343,Mannarino
70,Ethan Quinn,21,802,25,4358,Quinn
71,Jacob Fearnley,24,787,26,4373,Fearnley
72,Mariano Navone,24,785,30,4375,Navone
73,Hubert Hurkacz,28,775,20,4385,Hurkacz
74,Mattia Bellucci,24,766,26,4394,Bellucci
75,Marin Cilic,37,765,19,4395,Cilic
76,Jesper de Jong,25,763,24,4397,de Jong
77,Botic van de Zandschulp,30,756,25,4404,van de Zandschulp
78,Adam Walton,26,740,28,4420,Walton
79,Filip Misolic,24,726,25,4434,Misolic
80,Cristian Garin,29,726,21,4434,Garin
81,Alejandro Tabilo,28,721,28,4439,Tabilo
82,Aleksandar Vukic,29,718,31,4442,Vukic
83,Hamad Medjedovic,22,718,20,4442,Medjedovic
84,Jan-Lennard Struff,35,711,29,4449,Struff
85,Juan Manuel Cerundolo,24,710,26,4450,Manuel Cerundolo
86,James Duckworth,33,704,27,4456,Duckworth
87,Raphael Collignon,23,704,23,4456,Collignon
88,Emilio Nava,24,684,28,4476,Nava
89,Pablo Carreno Busta,34,681,26,4479,Carreno Busta
90,Eliot Spizzirri,23,680,29,4480,Spizzirri
91,Quentin Halys,29,679,29,4481,Halys
92,Roberto Bautista Agut,37,670,24,4490,Bautista Agut
93,Pedro Martinez,28,668,32,4492,Martinez
94,Benjamin Bonzi,29,667,24,4493,Bonzi
95,Alexander Shevchenko,25,662,27,4498,Shevchenko
96,Dalibor Svrcina,23,661,26,4499,Svrcina
97,Hugo Gaston,25,653,30,4507,Gaston
98,Laslo Djere,30,652,25,4508,Djere
99,Tristan Schoolkate,24,649,32,4511,Schoolkate
100,Shintaro Mochizuki,22,647,27,4513,Mochizuki
101,Vit Kopriva,28,636,28,4524,Kopriva
102,Carlos Taberner,28,636,27,4524,Taberner
103,Yannick Hanfmann,34,631,22,4529,Hanfmann
104,Ignacio Buse,21,627,26,4533,Buse
105,Roman Andres Burruchaga,23,615,30,4545,Andres Burruchaga
106,Thiago Agustin Tirante,24,612,28,4548,Agustin Tirante
107,Luca Nardi,22,599,24,4561,Nardi
108,Jordan Thompson,31,586,22,4574,Thompson
109,Nikoloz Basilashvili,33,573,23,4587,Basilashvili
110,Yoshihito Nishioka,30,566,26,4594,Nishioka
111,Tomas Barrios Vera,28,564,28,4596,Barrios Vera
112,Mackenzie McDonald,30,559,27,4601,McDonald
113,Brandon Holt,27,559,30,4601,Holt
114,Rinky Hijikata,24,556,30,4604,Hijikata
115,Christopher O'Connell,31,546,25,4614,O'Connell
116,Alexander Blockx,20,542,26,4618,Blockx
117,Borna Coric,29,538,17,4622,Coric
118,Patrick Kypson,26,533,17,4627,Kypson
119,David Goffin,35,525,27,4635,Goffin
120,Dusan Lajovic,35,519,29,4641,Lajovic
121,Elmer Moller,22,517,25,4643,Moller
122,Yunchaokete Bu,23,509,29,4651,Bu
123,Nicolas Jarry,30,501,24,4659,Jarry
124,Chun-Hsin Tseng,24,498,23,4662,Tseng
125,Jan Choinski,29,498,27,4662,Choinski
126,Billy Harris,30,490,31,4670,Harris
127,Otto Virtanen,24,488,22,4672,Virtanen
128,Dino Prizmic,20,487,15,4673,Prizmic
129,Marco Trungelliti,35,474,25,4686,Trungelliti
130,Roberto Carballes Baena,32,469,26,4691,Carballes Baena
131,Vilius Gaubas,20,469,26,4691,Gaubas
132,Liam Draxl,24,468,23,4692,Draxl
133,Sebastian Ofner,29,463,19,4697,Ofner
134,Martin Landaluce,19,455,25,4705,Landaluce
135,Moez Echargui,32,452,31,4708,Echargui
136,Nicolai Budkov Kjaer,19,450,27,4710,Budkov Kjaer
137,Francesco Passaro,24,449,26,4711,Passaro
138,Kyrian Jacquet,24,442,21,4718,Jacquet
139,Francesco Maestrelli,22,442,28,4718,Maestrelli
140,Hugo Dellien,32,438,24,4722,Dellien
141,Andrea Pellegrino,28,438,22,4722,Pellegrino
142,Lukas Klein,27,436,20,4724,Klein
143,Zachary Svajda,23,431,18,4729,Svajda
144,Adolfo Daniel Vallejo,21,431,31,4729,Daniel Vallejo
145,Ugo Blanchet,26,427,25,4733,Blanchet
146,Colton Smith,22,424,17,4736,Smith
147,Sho Shimabukuro,28,414,22,4746,Shimabukuro
148,Mark Lajal,22,413,24,4747,Lajal
149,Titouan Droguet,24,410,25,4750,Droguet
150,Matteo Gigante,23,407,19,4753,Gigante
151,Coleman Wong,21,406,23,4754,Wong
152,Jaime Faria,22,405,22,4755,Faria
153,Daniel Elahi Galan,29,405,23,4755,Elahi Galan
154,Giulio Zeppieri,24,405,23,4755,Zeppieri
155,Pierre-Hugues Herbert,34,399,21,4761,Herbert
156,Kei Nishikori,35,397,17,4763,Nishikori
157,Stan Wawrinka,40,397,24,4763,Wawrinka
158,Henrique Rocha,21,394,27,4766,Rocha
159,Yosuke Watanuki,27,380,21,4780,Watanuki
160,Guy Den Ouden,23,372,15,4788,Den Ouden
161,Juan Pablo Ficovich,28,369,27,4791,Pablo Ficovich
162,Luka Mikrut,21,367,25,4793,Mikrut
163,Harold Mayot,23,361,27,4799,Mayot
164,Zsombor Piros,26,353,16,4807,Piros
165,Daniel Merida,21,353,24,4807,Merida
166,Luca Van Assche,21,352,25,4808,Van Assche
167,Nishesh Basavareddy,20,349,22,4811,Basavareddy
168,Rafael Jodar,19,349,15,4811,Jodar
169,Vitaliy Sachko,28,349,23,4811,Sachko
170,Nicolas Mejia,25,348,31,4812,Mejia
171,Alex Bolt,32,339,18,4821,Bolt
172,Roman Safiullin,28,338,19,4822,Safiullin
173,Elias Ymer,29,337,27,4823,Ymer
174,Jay Clarke,27,336,33,4824,Clarke
175,Hugo Grenier,29,334,29,4826,Grenier
176,Zdenek Kolar,29,331,34,4829,Kolar
177,Martin Damm,22,330,20,4830,Damm
178,Jurij Rodionov,26,329,26,4831,Rodionov
179,Leandro Riedi,23,326,8,4834,Riedi
180,Tristan Boyer,24,326,26,4834,Boyer
181,Dane Sweeny,24,323,30,4837,Sweeny
182,Yibing Wu,26,322,10,4838,Wu
183,Federico Agustin Gomez,29,319,22,4841,Agustin Gomez
184,Bernard Tomic,33,319,32,4841,Tomic
185,Rei Sakamoto,19,318,23,4842,Sakamoto
186,Daniel Evans,35,317,22,4843,Evans
187,Justin Engel,18,316,32,4844,Engel
188,Jerome Kym,22,315,16,4845,Kym
189,James McCabe,22,315,29,4845,McCabe
190,Michael Zheng,21,315,12,4845,Zheng
191,Arthur Fery,23,313,16,4847,Fery
192,Alex Barrena,23,313,26,4847,Barrena
193,August Holmgren,27,312,23,4848,Holmgren
194,Stefano Travaglia,33,308,24,4852,Travaglia
195,Alvaro Guillen Meza,22,308,30,4852,Guillen Meza
196,Jason Kubler,32,305,17,4855,Kubler
197,Thiago Monteiro,31,304,24,4856,Monteiro
198,Daniil Glinka,25,300,26,4860,Glinka
199,Oliver Crawford,26,300,30,4860,Crawford
200,Sascha Gueymard Wayenburg,22,297,30,4863,Gueymard Wayenburg
201,Dan Added,26,296,32,4864,Added
202,Clement Tabur,25,292,25,4868,Tabur
203,Joao Lucas Reis Da Silva,25,288,30,4872,Lucas Reis Da Silva
204,Jack Pinnington Jones,22,287,16,4873,Pinnington Jones
205,Alex Molcan,28,286,17,4874,Molcan
206,Alexis Galarneau,26,285,26,4875,Galarneau
207,Gilles Arnaud Bailly,20,285,29,4875,Arnaud Bailly
208,Mitchell Krueger,31,284,21,4876,Krueger
209,Juan Carlos Prado Angelo,20,282,31,4878,Carlos Prado Angelo
210,Chris Rodesch,24,280,21,4880,Rodesch
211,George Loffhagen,24,280,23,4880,Loffhagen
212,Gonzalo Bueno,21,277,33,4883,Bueno
213,Facundo Diaz Acosta,24,275,20,4885,Diaz Acosta
214,Lorenzo Giustino,34,275,34,4885,Giustino
215,Pablo Llamas Ruiz,23,274,18,4886,Llamas Ruiz
216,Murphy Cassone,23,274,28,4886,Cassone
217,Ryan Peniston,30,266,26,4894,Peniston
218,Thiago Seyboth Wild,25,263,21,4897,Seyboth Wild
219,Yu Hsiou Hsu,26,263,29,4897,Hsiou Hsu
220,Luka Pavlovic,25,262,19,4898,Pavlovic
221,Lukas Neumayer,23,258,27,4902,Neumayer
222,Lloyd Harris,28,256,14,4904,Harris
223,Dmitry Popko,29,255,26,4905,Popko
224,Arthur Gea,20,255,32,4905,Gea
225,Nerman Fatic,31,254,19,4906,Fatic
226,Santiago Rodriguez Taverna,26,253,38,4907,Rodriguez Taverna
227,Felipe Meligeni Alves,27,251,13,4909,Meligeni Alves
228,Marco Cecchinato,33,250,24,4910,Cecchinato
229,Genaro Alberto Olivieri,27,249,30,4911,Alberto Olivieri
230,Rio Noguchi,26,248,28,4912,Noguchi
231,Arthur Bouquier,24,247,18,4913,Bouquier
232,Lautaro Midon,21,247,30,4913,Midon
233,Rodrigo Pacheco Mendez,20,247,32,4913,Pacheco Mendez
234,Matej Dodig,20,244,26,4916,Dodig
235,Kimmer Coppejans,31,244,30,4916,Coppejans
236,Johannus Monday,23,243,27,4917,Monday
237,Federico Cina,18,240,23,4920,Cina
238,Alejandro Moro Canas,25,238,28,4922,Moro Canas
239,Timofey Skatov,24,238,30,4922,Skatov
240,Marko Topo,22,235,22,4925,Topo
241,Daniel Rincon,22,234,26,4926,Rincon
242,Andrea Collarini,33,234,31,4926,Collarini
243,Gustavo Heide,23,232,13,4928,Heide
244,Viktor Durasovic,28,232,26,4928,Durasovic
245,Marc-Andrea Huesler,29,229,18,4931,Huesler
246,Hady Habib,27,228,24,4932,Habib
247,Max Houkes,25,224,29,4936,Houkes
248,Clement Chidekh,24,221,35,4939,Chidekh
249,Murkel Dellien,28,220,32,4940,Dellien
250,Daniel Michalski,25,219,25,4941,Michalski
251,Yi Zhou,20,217,25,4943,Zhou
252,Kaichi Uchida,31,216,25,4944,Uchida
253,Juncheng Shang,20,215,14,4945,Shang
254,Benjamin Hassan,30,214,30,4946,Hassan
255,Geoffrey Blancaneaux,27,214,30,4946,Blancaneaux
256,Juan Pablo Varillas,30,213,19,4947,Pablo Varillas
257,Joel Schwaerzler,19,213,24,4947,Schwaerzler
258,Remy Bertola,27,213,28,4947,Bertola
259,Ivan Gakhov,29,213,34,4947,Gakhov
260,Nicolas Kicker,33,212,27,4948,Kicker
261,Calvin Hemery,30,211,26,4949,Hemery
262,Frederico Ferreira Silva,30,208,25,4952,Ferreira Silva
263,Dimitar Kuzmanov,32,208,30,4952,Kuzmanov
264,Ilia Simakin,22,207,22,4953,Simakin
265,Tiago Pereira,21,206,40,4954,Pereira
266,Toby Samuel,23,204,20,4956,Samuel
267,Andres Martin,24,203,27,4957,Martin
268,Christopher Eubanks,29,202,23,4958,Eubanks
269,Patrick Zahraj,26,202,28,4958,Zahraj
270,Gauthier Onclin,24,200,27,4960,Onclin
271,Federico Coria,33,200,14,4960,Coria
272,Tom Paris,23,200,24,4960,Paris
273,Andres Andrade,27,200,28,4960,Andrade
274,Pedro Boscardin Dias,22,200,30,4960,Boscardin Dias
275,Edas Butvilas,21,199,28,4961,Butvilas
276,Fajing Sun,29,196,19,4964,Sun
277,Sumit Nagal,28,195,24,4965,Nagal
278,Henri Squire,25,195,27,4965,Squire
279,Filip Cristian Jianu,24,194,37,4966,Cristian Jianu
280,Beibit Zhukayev,25,193,27,4967,Zhukayev
281,Florent Bax,26,190,25,4970,Bax
282,Stefanos Sakellaridis,21,189,24,4971,Sakellaridis
283,Alex Rybakov,28,189,25,4971,Rybakov
284,Marat Sharipov,23,188,26,4972,Sharipov
285,James Trotter,26,186,20,4974,Trotter
286,Alastair Gray,27,186,21,4974,Gray
287,Saba Purtseladze,24,185,31,4975,Purtseladze
288,Michael Mmoh,27,184,16,4976,Mmoh
289,Andrej Nedic,21,183,21,4977,Nedic
290,Tom Gentzsch,22,183,30,4977,Gentzsch
291,Garrett Johns,24,183,34,4977,Johns
292,Stefan Kozlov,27,182,13,4978,Kozlov
293,Fabrizio Andaloro,24,182,25,4978,Andaloro
294,Michael Geerts,30,180,35,4980,Geerts
295,Abdullah Shelbayh,22,179,27,4981,Shelbayh
296,Borna Gojo,27,178,15,4982,Gojo
297,Norbert Gombos,35,178,23,4982,Gombos
298,Tyler Zink,24,178,29,4982,Zink
299,Robin Bertrand,22,178,35,4982,Bertrand
300,Mikhail Kukushkin,37,177,21,4983,Kukushkin
301,Hynek Barton,21,177,25,4983,Barton
302,Sandro Kopp,25,177,27,4983,Kopp
303,Darwin Blanch,18,176,23,4984,Blanch
304,Matheus Pucinelli De Almeida,24,176,26,4984,Pucinelli De Almeida
305,Jacopo Berrettini,27,175,21,4985,Berrettini
306,Liam Broady,31,175,25,4985,Broady
307,Renta Tokuda,27,172,28,4988,Tokuda
308,Lilian Marmousez,23,169,22,4991,Marmousez
309,Nikolas Sanchez Izquierdo,26,169,31,4991,Sanchez Izquierdo
310,Petr Brunclik,19,168,23,4992,Brunclik
311,Franco Agamenone,32,168,25,4992,Agamenone
312,Yasutaka Uchiyama,33,167,21,4993,Uchiyama
313,Gianluca Cadenasso,21,167,24,4993,Cadenasso
314,Aziz Dougaz,28,166,20,4994,Dougaz
315,Harry Wendelken,23,166,28,4994,Wendelken
316,Richard Gasquet,39,165,7,4995,Gasquet
317,Eliakim Coulibaly,23,165,24,4995,Coulibaly
318,Jie Cui,27,163,25,4997,Cui
319,Akira Santillan,28,163,26,4997,Santillan
320,Carlos Sanchez Jover,25,162,27,4998,Sanchez Jover
321,Miguel Damas,25,162,30,4998,Damas
322,Charles Broom,27,161,23,4999,Broom
323,Duje Ajdukovic,24,161,24,4999,Ajdukovic
324,Matteo Martineau,26,161,29,4999,Martineau
325,Mats Rosenkranz,27,160,30,5000,Rosenkranz
326,Gabi Adrian Boitan,26,159,28,5001,Adrian Boitan
327,Facundo Mena,33,157,24,5003,Mena
328,Petr Bar Biryukov,23,157,29,5003,Bar Biryukov
329,Moerani Bouzige,26,157,35,5003,Bouzige
330,Philip Henning,25,156,22,5004,Henning
331,Mathys Erhard,24,156,31,5004,Erhard
332,Omar Jasika,28,155,25,5005,Jasika
333,Giles Hussey,28,153,29,5007,Hussey
334,Li Tu,29,152,20,5008,Tu
335,Oliver Tarvet,22,150,11,5010,Tarvet
336,Hamish Stewart,26,150,28,5010,Stewart
337,Andrej Martin,36,149,18,5011,Martin
338,Alfredo Perez,28,149,28,5011,Perez
339,Jelle Sels,30,149,29,5011,Sels
340,Gonzalo Villanueva,30,148,30,5012,Villanueva
341,Daniel Dutra da Silva,37,148,32,5012,Dutra da Silva
342,Andrea Vavassori,30,147,4,5013,Vavassori
343,Sergey Fomin,24,147,32,5013,Fomin
344,Jakub Paul,26,144,16,5016,Paul
345,Gabriele Piraino,22,144,20,5016,Piraino
346,Mika Brunold,21,144,21,5016,Brunold
347,Maxim Mrva,18,144,24,5016,Mrva
348,Martin Krumich,22,144,27,5016,Krumich
349,Andre Ilagan,25,144,31,5016,Ilagan
350,Cedrik-Marcel Stebe,35,142,14,5018,Stebe
351,Constant Lestienne,33,141,13,5019,Lestienne
352,Yuta Shimizu,26,141,20,5019,Shimizu
353,Franco Roncadelli,25,141,26,5019,Roncadelli
354,Maximus Jones,21,141,30,5019,Jones
355,Antoine Ghibaudo,20,140,17,5020,Ghibaudo
356,Javier Barranco Cosano,27,139,22,5021,Barranco Cosano
357,Henry Searle,19,138,23,5022,Searle
358,Patrick Maloney,25,138,25,5022,Maloney
359,Sanhui Shin,28,137,25,5023,Shin
360,Hayato Matsuoka,20,136,29,5024,Matsuoka
361,Adria Soriano Barrera,26,135,18,5025,Soriano Barrera
362,Nicolas Alvarez Varona,24,135,21,5025,Alvarez Varona
363,Hyeon Chung,29,134,21,5026,Chung
364,Dominic Stricker,23,133,17,5027,Stricker
365,Robert Strombachs,26,133,24,5027,Strombachs
366,Juan Bautista Torres,23,133,30,5027,Bautista Torres
367,Denis Yevseyev,32,133,32,5027,Yevseyev
368,Samir Banerjee,22,132,12,5028,Banerjee
369,Christoph Negritu,31,132,29,5028,Negritu
370,Luca Potenza,25,132,31,5028,Potenza
371,Aslan Karatsev,32,131,10,5029,Karatsev
372,Hernan Casanova,31,131,24,5029,Casanova
373,Alibek Kachmazov,23,130,14,5030,Kachmazov
374,Gastao Elias,35,130,21,5030,Elias
375,Alexey Vatutin,33,130,26,5030,Vatutin
376,Corentin Denolly,28,130,28,5030,Denolly
377,Guido Ivan Justo,27,129,27,5031,Ivan Justo
378,Taro Daniel,32,128,19,5032,Daniel
379,Felix Gill,23,128,19,5032,Gill
380,Viacheslav Bielinskyi,22,128,21,5032,Bielinskyi
381,Pol Martin Tiffon,26,127,20,5033,Martin Tiffon
382,Paul Jubb,26,127,20,5033,Jubb
383,Pedro Sakamoto,32,127,22,5033,Sakamoto
384,Kilian Feldbausch,20,127,23,5033,Feldbausch
385,Tung-Lin Wu,27,127,24,5033,Wu
386,Diego Dedura,17,127,27,5033,Dedura
387,Marek Gengel,30,127,29,5033,Gengel
388,Cezar Cretu,24,126,24,5034,Cretu
389,Federico Arnaboldi,25,126,25,5034,Arnaboldi
390,Max Alcala Gurri,23,126,26,5034,Alcala Gurri
391,Christian Langmo,29,125,30,5035,Langmo
392,Trevor Svajda,19,124,11,5036,Svajda
393,Aidan McHugh,25,124,23,5036,McHugh
394,David Jorda Sanchis,31,124,25,5036,Jorda Sanchis
395,Raul Brancaccio,28,124,26,5036,Brancaccio
396,Mili Poljicak,21,123,25,5037,Poljicak
397,Rudolf Molleker,25,122,25,5038,Molleker
398,Matias Soto,26,122,28,5038,Soto
399,Arthur Weber,33,121,17,5039,Weber
400,Carlo Alberto Caniato,20,121,21,5039,Alberto Caniato
401,Marc Polmans,28,121,22,5039,Polmans
402,Facundo Bagnis,35,120,11,5040,Bagnis
403,Ioannis Xilas,24,120,20,5040,Xilas
404,Andrea Picchione,27,120,23,5040,Picchione
405,Aryan Shah,20,120,29,5040,Shah
406,Albert Ramos-Vinolas,37,118,14,5042,Ramos-Vinolas
407,Igor Marcondes,28,118,17,5042,Marcondes
408,Daniel Milavsky,24,118,22,5042,Milavsky
409,Lucas Poullain,30,118,29,5042,Poullain
410,Raphael Perot,24,117,15,5043,Perot
411,Mariano Kestelboim,29,117,23,5043,Kestelboim
412,Inaki Montes-De La Torre,23,117,26,5043,Montes-De La Torre
413,Maks Kasnikowski,22,116,16,5044,Kasnikowski
414,Luca Castelnuovo,28,116,24,5044,Castelnuovo
415,Mert Alkaya,25,116,27,5044,Alkaya
416,Zhizhen Zhang,29,115,16,5045,Zhang
417,Alex Hernandez,26,115,29,5045,Hernandez
418,Stuart Parker,28,114,22,5046,Parker
419,Alex Martinez,24,114,26,5046,Martinez
420,Kasidit Samrej,24,114,29,5046,Samrej
421,Svyatoslav Gulin,23,113,21,5047,Gulin
422,Florian Broska,27,112,21,5048,Broska
423,Hikaru Shiraishi,25,112,27,5048,Shiraishi
424,Michele Ribecai,22,112,31,5048,Ribecai
425,Dan Martin,26,111,28,5049,Martin
426,Max Basing,23,111,13,5049,Basing
427,Ricardas Berankis,35,111,15,5049,Berankis
428,Neil Oberleitner,26,111,25,5049,Oberleitner
429,Lorenzo Carboni,19,111,27,5049,Carboni
430,Antoine Escoffier,33,110,27,5050,Escoffier
431,Vadym Ursu,28,110,28,5050,Ursu
432,Erik Arutiunian,21,109,26,5051,Arutiunian
433,Luciano Emanuel Ambrogi,22,109,27,5051,Emanuel Ambrogi
434,Etienne Donnet,24,108,18,5052,Donnet
435,Radu Albot,36,108,23,5052,Albot
436,Milos Karol,23,108,23,5052,Karol
437,Roberto Cid Subervi,32,107,11,5053,Cid Subervi
438,Juan Manuel La Serna,21,107,21,5053,Manuel La Serna
439,Buvaysar Gadamauri,25,107,27,5053,Gadamauri
440,Alexandr Binda,24,107,29,5053,Binda
441,Federico Bondioli,20,107,32,5053,Bondioli
442,Giovanni Fonio,27,106,22,5054,Fonio
443,Oleg Prihodko,28,106,23,5054,Prihodko
444,Mae Malige,19,106,24,5054,Malige
445,Yusuke Takahashi,28,106,25,5054,Takahashi
446,Jonas Forejtek,24,105,18,5055,Forejtek
447,Max Wiskandt,23,104,22,5056,Wiskandt
448,Olle Wallin,24,104,27,5056,Wallin
449,Lorenzo Joaquin Rodriguez,26,103,28,5057,Joaquin Rodriguez
450,Yanki Erel,25,102,18,5058,Erel
451,Bernabe Zapata Miralles,28,102,21,5058,Zapata Miralles
452,Stefano Napolitano,30,101,14,5059,Napolitano
453,Dali Blanch,22,101,28,5059,Blanch
454,Thanasi Kokkinakis,29,100,4,5060,Kokkinakis
455,Gianmarco Ferrari,25,100,28,5060,Ferrari
456,Andrew Fenty,25,99,26,5061,Fenty
457,Andrey Chepelev,27,99,35,5061,Chepelev
458,Olaf Pieczkowski,21,98,23,5062,Pieczkowski
459,Maxim Zhukov,20,98,24,5062,Zhukov
460,Marvin Moeller,26,98,25,5062,Moeller
461,Mateus Alves,24,97,27,5063,Alves
462,James Story,24,97,27,5063,Story
463,Pavel Kotov,27,96,16,5064,Kotov
464,Eduardo Ribeiro,27,96,18,5064,Ribeiro
465,Enrico Dalla Valle,27,96,21,5064,Dalla Valle
466,Jay Friend,21,95,12,5065,Friend
467,Ognjen Milic,18,95,17,5065,Milic
468,Keegan Smith,27,95,23,5065,Smith
469,Jake Delaney,28,95,30,5065,Delaney
470,Hiroki Moriya,35,94,18,5066,Moriya
471,Karan Singh,22,94,25,5066,Singh
472,Juan Estevez,20,94,26,5066,Estevez
473,Eric Vanshelboim,24,94,27,5066,Vanshelboim
474,Carlos Lopez Montagud,25,94,28,5066,Lopez Montagud
475,Takuya Kumasaka,27,93,24,5067,Kumasaka
476,Filip Peliwo,31,93,33,5067,Peliwo
477,Pedro Vives Marcos,24,92,11,5068,Vives Marcos
478,Filippo Moroni,24,92,15,5068,Moroni
479,Lukas Pokorny,23,92,19,5068,Pokorny
480,Nikolay Vylegzhanin,25,92,25,5068,Vylegzhanin
481,Laurent Lokoli,31,91,15,5069,Lokoli
482,Eero Vasa,28,91,26,5069,Vasa
483,Mirza Basic,34,90,16,5070,Basic
484,Edward Winter,21,90,19,5070,Winter
485,Pietro Fellin,24,90,23,5070,Fellin
486,Tsung-Hao Huang,26,90,26,5070,Huang
487,Tadeas Paroulek,25,90,27,5070,Paroulek
488,Soonwoo Kwon,28,89,8,5071,Kwon
489,Yan Bai,36,89,13,5071,Bai
490,Alexander Weis,28,89,24,5071,Weis
491,Branko Djuric,20,89,27,5071,Djuric
492,Jack Loge,21,89,30,5071,Loge
493,Blaise Bicknell,24,88,20,5072,Bicknell
494,Joao Eduardo Schiessl,21,88,23,5072,Eduardo Schiessl
495,Cyril Vandermeersch,26,88,25,5072,Vandermeersch
496,Vladyslav Orlov,30,88,29,5072,Orlov
497,Lui Maxted,22,87,10,5073,Maxted
498,Aristotelis Thanos,24,87,17,5073,Thanos
499,Tibo Colson,25,87,22,5073,Colson
500,Alexander Ritschard,31,86,12,5074,Ritschard
501,Bor Artnak,21,86,16,5074,Artnak
502,Tristan McCormick,26,86,32,5074,McCormick
503,Sean Cuenin,21,85,21,5075,Cuenin
504,Alex Marti Pujolras,26,85,23,5075,Marti Pujolras
505,Maxime Janvier,29,85,26,5075,Janvier
506,Stefan Palosi,25,85,27,5075,Palosi
507,Matthew Dellavedova,25,85,33,5075,Dellavedova
508,Nicolas Arseneault,18,84,20,5076,Arseneault
509,Oriol Roca Batalla,32,84,15,5076,Roca Batalla
510,Tommaso Compagnucci,26,84,26,5076,Compagnucci
511,Ryan Nijboer,26,84,30,5076,Nijboer
512,Dominik Koepfer,31,83,6,5077,Koepfer
513,Henry Bernet,18,83,11,5077,Bernet
514,Blake Ellis,26,83,11,5077,Ellis
515,Andrea Guerrieri,27,83,15,5077,Guerrieri
516,Egor Agafonov,23,83,19,5077,Agafonov
517,Renzo Olivo,33,82,19,5078,Olivo
518,Thomas Faurel,19,82,24,5078,Faurel
519,Stefan Adrian Andreescu,23,82,30,5078,Adrian Andreescu
520,Gregoire Barrere,31,81,14,5079,Barrere
521,Daniel Masur,31,80,16,5080,Masur
522,Philip Sekulic,22,80,17,5080,Sekulic
523,Mukund Sasikumar,28,80,23,5080,Sasikumar
524,Dhakshineswar Suresh,25,79,12,5081,Suresh
525,Carl Emil Overbeck,24,78,14,5082,Emil Overbeck
526,Ryuki Matsuda,25,78,22,5082,Matsuda
527,Sergio Callejon Hernando,21,78,24,5082,Callejon Hernando
528,Oleksandr Ovcharenko,24,78,25,5082,Ovcharenko
529,Alberto Barroso Campos,29,78,28,5082,Barroso Campos
530,Bruno Kuzuhara,21,78,29,5082,Kuzuhara
531,Sebastian Gima,23,78,32,5082,Gima
532,Khumoyun Sultanov,27,77,17,5083,Sultanov
533,Tristan Lamasine,32,76,17,5084,Lamasine
534,Leo Borg,22,76,22,5084,Borg
535,Ivan Marrero Curbelo,27,76,22,5084,Marrero Curbelo
536,Dennis Novak,32,76,22,5084,Novak
537,Masamichi Imamura,27,76,26,5084,Imamura
538,Stefan Popovic,22,76,35,5084,Popovic
539,Cannon Kingsley,24,75,20,5085,Kingsley
540,Oleksii Krutykh,25,75,21,5085,Krutykh
541,Peter Fajta,23,75,21,5085,Fajta
542,Gabriele Pennaforti,25,75,25,5085,Pennaforti
543,Fares Zakaria,24,75,25,5085,Zakaria
544,Kokoro Isomura,22,75,30,5085,Isomura
545,Yuki Mochizuki,28,74,18,5086,Mochizuki
546,Maximilian Neuchrist,34,74,20,5086,Neuchrist
547,Aleksandre Bakshi,28,74,23,5086,Bakshi
548,Nino Ehrenschneider,24,74,26,5086,Ehrenschneider
549,Emil Ruusuvuori,26,73,19,5087,Ruusuvuori
550,Valerio Aboian,23,73,15,5087,Aboian
551,Ergi Kirkin,26,72,18,5088,Kirkin
552,Johan Nikles,28,72,21,5088,Nikles
553,Lucas Pouille,31,71,4,5089,Pouille
554,Govind Nanda,24,71,14,5089,Nanda
555,Elmar Ejupovic,32,71,14,5089,Ejupovic
556,Karue Sell,32,71,15,5089,Sell
557,Dominik Palan,25,71,21,5089,Palan
558,Maxwell Mckennon,23,71,23,5089,Mckennon
559,Georgii Kravchenko,25,71,24,5089,Kravchenko
560,Woobin Shin,21,71,26,5089,Shin
561,Igor Gimenez,25,71,28,5089,Gimenez
562,Amr Elsayed,26,71,29,5089,Elsayed
563,Max Hans Rehberg,22,70,8,5090,Hans Rehberg
564,Justin Boulais,24,70,21,5090,Boulais
565,Tomasz Berkieta,19,70,23,5090,Berkieta
566,Sebastian Sorger,19,70,24,5090,Sorger
567,Dominik Kellovsky,29,70,24,5090,Kellovsky
568,Pavle Marinkov,19,70,26,5090,Marinkov
569,Paulo Andre Saraiva Dos Santos,25,70,26,5090,Andre Saraiva Dos Santos
570,Dusan Obradovic,24,69,26,5091,Obradovic
571,Kirill Kivattsev,28,69,33,5091,Kivattsev
572,Taha Baadi,24,68,27,5092,Baadi
573,Alafia Ayeni,26,67,19,5093,Ayeni
574,Filippo Romano,20,67,19,5093,Romano
575,Arthur Nagel,22,67,24,5093,Nagel
576,Arda Azkara,22,66,13,5094,Azkara
577,Radu Mihai Papoe,23,66,15,5094,Mihai Papoe
578,Anton Matusevich,24,66,16,5094,Matusevich
579,Robin Catry,23,66,17,5094,Catry
580,Michal Krajci,20,66,27,5094,Krajci
581,Maxime Chazal,32,65,20,5095,Chazal
582,Adhithya Ganesan,20,65,22,5095,Ganesan
583,Alvin Nicholas Tudorica,23,65,22,5095,Nicholas Tudorica
584,Samuele Pieri,23,65,27,5095,Pieri
585,Juan Sebastian Gomez,33,64,7,5096,Sebastian Gomez
586,Filip Jeff Planinsek,24,64,15,5096,Jeff Planinsek
587,Manuel Mazza,26,64,19,5096,Mazza
588,Michael Vrbensky,25,64,19,5096,Vrbensky
589,Petr Nesterov,22,64,23,5096,Nesterov
590,Constantin Bittoun Kouzmine,26,64,35,5096,Bittoun Kouzmine
591,Stefan Dostanic,24,63,10,5097,Dostanic
592,Enzo Couacaud,30,63,11,5097,Couacaud
593,Dan Alexandru Tomescu,26,63,12,5097,Alexandru Tomescu
594,Cem Ilkel,30,63,12,5097,Ilkel
595,Jozef Kovalik,33,63,14,5097,Kovalik
596,Miguel Tobon,19,63,21,5097,Tobon
597,Manas Dhamne,17,63,23,5097,Dhamne
598,Millen Hurrion,26,63,25,5097,Hurrion
599,Lucas Gerch,30,62,17,5098,Gerch
600,Digvijaypratap Singh,25,62,19,5098,Singh
601,Joaquin Aguilar Cardozo,20,62,21,5098,Aguilar Cardozo
602,Matthew William Donald,21,62,25,5098,William Donald
603,Emilien Demanet,20,62,30,5098,Demanet
604,Adrian Oetzbach,28,62,32,5098,Oetzbach
605,Arthur Reymond,26,61,22,5099,Reymond
606,Mario Gonzalez Fernandez,23,61,27,5099,Gonzalez Fernandez
607,Karl Poling,26,61,28,5099,Poling
608,Shunsuke Mitsui,23,60,12,5100,Mitsui
609,Alan Fernando Rubio Fierros,26,60,16,5100,Fernando Rubio Fierros
610,Nick Hardt,25,60,17,5100,Hardt
611,Koki Matsuda,25,60,17,5100,Matsuda
612,Andres Santamarta Roig,18,60,19,5100,Santamarta Roig
613,Juan Carlos Aguilar,27,60,20,5100,Carlos Aguilar
614,Lucio Ratti,21,60,22,5100,Ratti
615,Carlos Maria Zarate,20,60,22,5100,Maria Zarate
616,Maxence Beauge,25,60,23,5100,Beauge
617,Loann Massard,20,60,23,5100,Massard
618,Nicholas David Ionel,23,60,29,5100,David Ionel
619,Louis Wessels,27,60,30,5100,Wessels
620,Luis Carlos Alvarez,21,59,10,5101,Carlos Alvarez
621,Max Schoenhaus,18,59,13,5101,Schoenhaus
622,Aidan Mayo,22,59,17,5101,Mayo
623,Tai Sach,23,59,23,5101,Sach
624,Yurii Dzhavakian,32,59,34,5101,Dzhavakian
625,Christian Sigsgaard,28,58,13,5102,Sigsgaard
626,Damien Wenger,25,58,17,5102,Wenger
627,Ryan Fishback,23,58,25,5102,Fishback
628,Mees Rottgering,18,58,26,5102,Rottgering
629,Mikael Ymer,27,57,10,5103,Ymer
630,Jakub Nicod,21,57,14,5103,Nicod
631,Yassine Dlimi,22,57,14,5103,Dlimi
632,Shintaro Imai,32,57,14,5103,Imai
633,Lorenzo Sciahbasi,20,57,20,5103,Sciahbasi
634,Yuta Kawahashi,27,57,20,5103,Kawahashi
635,S D Prajwal Dev,29,57,24,5103,D Prajwal Dev
636,Kenta Miyoshi,21,56,10,5104,Miyoshi
637,Alec Deckers,25,56,12,5104,Deckers
638,Gerard Campana Lee,21,56,26,5104,Campana Lee
639,Johan Alexander Rodriguez,22,55,11,5105,Alexander Rodriguez
640,Daniel Siniakov,22,55,12,5105,Siniakov
641,Facundo Juarez,28,55,20,5105,Juarez
642,Ye Cong Mo,25,55,21,5105,Cong Mo
643,Kuan-Yi Lee,29,55,23,5105,Lee
644,Massimo Giunta,21,55,27,5105,Giunta
645,Andrew Paulson,24,54,8,5106,Paulson
646,Mate Valkusz,27,54,8,5106,Valkusz
647,Yusuke Kusuhara,28,54,16,5106,Kusuhara
648,Rigele Te,28,54,18,5106,Te
649,Santiago De La Fuente,23,54,18,5106,De La Fuente
650,Igor Kudriashov,22,54,19,5106,Kudriashov
651,Denis Klok,27,54,25,5106,Klok
652,Aziz Ouakaa,26,54,37,5106,Ouakaa
653,Peter Bertran,29,53,16,5107,Bertran
654,Karol Filar,27,53,18,5107,Filar
655,Juan Cruz Martin Manzano,20,53,18,5107,Cruz Martin Manzano
656,Chase Ferguson,26,53,23,5107,Ferguson
657,Axel Garcian,23,53,23,5107,Garcian
658,Kyle Kang,20,52,9,5108,Kang
659,Aidan Kim,21,52,11,5108,Kim
660,Reda Bennani,18,52,12,5108,Bennani
661,Toby Kodat,22,52,18,5108,Kodat
662,Yuta Kikuchi,26,52,23,5108,Kikuchi
663,Giuseppe La Vela,25,52,26,5108,La Vela
664,Luca Castagnola,23,52,26,5108,Castagnola
665,Tim Handel,29,52,29,5108,Handel
666,Duncan Chan,20,51,7,5109,Chan
667,Jacopo Vasami,17,51,9,5109,Vasami
668,Iliyan Radulov,20,51,13,5109,Radulov
669,Stijn Slump,26,51,20,5109,Slump
670,Pawit Sornlaksup,26,51,23,5109,Sornlaksup
671,Quinn Vandecasteele,23,51,26,5109,Vandecasteele
672,Giovanni Oradini,28,51,27,5109,Oradini
673,Nick Kyrgios,30,50,7,5110,Kyrgios
674,Michael Agwi,22,50,16,5110,Agwi
675,Jan Kumstat,18,50,18,5110,Kumstat
676,Radu David Turcanu,19,50,19,5110,David Turcanu
677,Daniel Antonio Nunez,24,50,20,5110,Antonio Nunez
678,Alexander Donski,27,49,8,5111,Donski
679,Francesco Forti,26,49,15,5111,Forti
680,Matisse Bobichon,23,49,17,5111,Bobichon
681,Felix Corwin,29,49,19,5111,Corwin
682,Alejandro Manzanera Pertusa,22,49,20,5111,Manzanera Pertusa
683,Imanol Lopez Morillo,26,49,21,5111,Lopez Morillo
684,Abel Forger,20,49,25,5111,Forger
685,Pedro Cachin,30,48,10,5112,Cachin
686,Joshua Sheehy,28,48,11,5112,Sheehy
687,Braden Shick,22,48,13,5112,Shick
688,Blu Baker,24,48,14,5112,Baker
689,Rodrigo Alujas,23,48,24,5112,Alujas
690,Pedro Araujo,23,48,27,5112,Araujo
691,Niels Visker,24,48,28,5112,Visker
692,Sergi Perez Contri,27,48,28,5112,Perez Contri
693,Alejo Sanchez Quilez,20,47,17,5113,Sanchez Quilez
694,Sidharth Rawat,32,47,20,5113,Rawat
695,Strong Kirchheimer,30,47,26,5113,Kirchheimer
696,Nicolas Moreno De Alboran,28,46,5,5114,Moreno De Alboran
697,Cooper Williams,20,46,7,5114,Williams
698,Pierluigi Basile,18,46,11,5114,Basile
699,Tuncay Duran,21,46,13,5114,Duran
700,James Watt,25,46,17,5114,Watt
701,Ajeet Rai,26,46,19,5114,Rai
702,Tianhui Zhang,19,46,20,5114,Zhang
703,Marcel Zielinski,25,46,20,5114,Zielinski
704,Kenny De Schepper,38,46,26,5114,De Schepper
705,Guillaume Dalmasso,23,46,27,5114,Dalmasso
706,Kyle Edmund,30,45,7,5115,Edmund
707,Pablo Martinez Gomez,19,45,9,5115,Martinez Gomez
708,Naoki Nakagawa,29,45,16,5115,Nakagawa
709,Sora Fukuda,28,45,18,5115,Fukuda
710,Kris Van Wyk,29,45,19,5115,Van Wyk
711,Semen Pankin,26,45,19,5115,Pankin
712,Ali Yazdani,22,45,20,5115,Yazdani
713,Ryan Dickerson,28,45,20,5115,Dickerson
714,Diego Augusto Barreto Sanchez,23,45,28,5115,Augusto Barreto Sanchez
715,Leo Vithoontien,26,45,29,5115,Vithoontien
716,Kaylan Bigun,19,44,15,5116,Bigun
717,Gabriel Ghetu,18,44,19,5116,Ghetu
718,Uisung Park,25,44,19,5116,Park
719,Jose Pereira,34,44,19,5116,Pereira
720,Matthew Summers,27,44,23,5116,Summers
721,Pedro Rodrigues,19,43,12,5117,Rodrigues
722,Joris De Loore,32,43,13,5117,De Loore
723,Michael Bassem Sobhy,21,43,24,5117,Bassem Sobhy
724,Manuel Guinard,30,42,5,5118,Guinard
725,Conner Huertas del Pino,29,42,9,5118,Huertas del Pino
726,JiSung Nam,32,42,13,5118,Nam
727,Alex Knaff,28,42,18,5118,Knaff
728,John Echeverria,24,42,18,5118,Echeverria
729,Felix Balshaw,19,42,21,5118,Balshaw
730,Yanaki Milev,21,42,25,5118,Milev
731,Kai Wehnelt,30,42,25,5118,Wehnelt
732,Michiel De Krom,27,42,27,5118,De Krom
733,Dimitris Sakellaridis,19,42,41,5118,Sakellaridis
734,Cruz Hewitt,17,41,15,5119,Hewitt
735,Daniil Ostapenkov,22,41,19,5119,Ostapenkov
736,Dinko Dinev,21,41,23,5119,Dinev
737,Fausto Tabacco,23,41,25,5119,Tabacco
738,Amaury Raynel,23,41,26,5119,Raynel
739,Evan Zhu,27,41,27,5119,Zhu
740,Maximilian Marterer,30,40,3,5120,Marterer
741,Micah Braswell,24,40,11,5120,Braswell
742,Theo Papamalamis,19,40,14,5120,Papamalamis
743,Luca Staeheli,25,40,14,5120,Staeheli
744,Alessandro Pecci,24,40,17,5120,Pecci
745,Tomas Farjat,24,40,19,5120,Farjat
746,Ignacio Monzon,27,40,21,5120,Monzon
747,Josip Simundza,20,40,23,5120,Simundza
748,Maxence Bertimon,26,40,24,5120,Bertimon
749,Matteo Covato,20,40,25,5120,Covato
750,Cesar Bouchelaghem,21,39,12,5121,Bouchelaghem
751,Timofei Derepasko,18,39,15,5121,Derepasko
752,Tiago Torres,23,39,15,5121,Torres
753,Pierre Delage,24,39,18,5121,Delage
754,Alec Beckley,24,39,20,5121,Beckley
755,Samuel Alejandro Linde Palacios,18,39,21,5121,Alejandro Linde Palacios
756,Matt Kuhar,29,39,24,5121,Kuhar
757,Samuel Heredia,19,39,25,5121,Heredia
758,Maik Steiner,31,39,25,5121,Steiner
759,Taisei Ichikawa,24,39,25,5121,Ichikawa
760,Tomas Curras Abasolo,25,39,26,5121,Curras Abasolo
761,Mitsuki Wei Kang Leong,21,39,27,5121,Wei Kang Leong
762,Mika Petkovic,18,39,29,5121,Petkovic
763,Alexis Gautier,28,38,9,5122,Gautier
764,Trey Hilderbrand,25,38,9,5122,Hilderbrand
765,Adrien Gobat,24,38,21,5122,Gobat
766,Duckhee Lee,27,38,22,5122,Lee
767,Yanis Ghazouani Durand,25,38,23,5122,Ghazouani Durand
768,Joshua Charlton,26,38,24,5122,Charlton
769,Federico Iannaccone,26,38,24,5122,Iannaccone
770,Mwendwa Mbithi,27,37,19,5123,Mbithi
771,Lucas Bouquet,28,37,19,5123,Bouquet
772,Leo Raquillet,20,37,19,5123,Raquillet
773,M Rifki Fitriadi,26,37,20,5123,Rifki Fitriadi
774,Luca Preda,19,37,21,5123,Preda
775,Nicolas Tepmahc,24,37,22,5123,Tepmahc
776,Shinji Hazawa,26,37,23,5123,Hazawa
777,Naoya Honda,19,37,25,5123,Honda
778,John Sperle,23,37,25,5123,Sperle
779,Jack Anthrop,22,36,9,5124,Anthrop
780,Victor Lilov,21,36,21,5124,Lilov
781,Francisco Rocha,26,36,23,5124,Rocha
782,Menelaos Efstathiou,26,36,24,5124,Efstathiou
783,Leonardo Rossi,23,36,29,5124,Rossi
784,Oscar Jose Gutierrez,32,36,29,5124,Jose Gutierrez
785,Lucas Andrade Da Silva,20,35,4,5125,Andrade Da Silva
786,Egor Gerasimov,33,35,12,5125,Gerasimov
787,Matyas Fuele,26,35,13,5125,Fuele
788,Attila Boros,21,35,16,5125,Boros
789,Martin Van Der Meerschen,25,35,22,5125,Van Der Meerschen
790,Colin Sinclair,30,35,23,5125,Sinclair
791,Samir Hamza Reguig,23,35,31,5125,Hamza Reguig
792,Wishaya Trongcharoenchaikul,30,35,33,5125,Trongcharoenchaikul
793,Dragos Nicolae Madaras,28,34,5,5126,Nicolae Madaras
794,Fryderyk Lechno-Wasiutynski,20,34,7,5126,Lechno-Wasiutynski
795,Roger Pascual Ferra,19,34,8,5126,Pascual Ferra
796,Ilya Ivashka,31,34,11,5126,Ivashka
797,Gustavo Ribeiro De Almeida,19,34,14,5126,Ribeiro De Almeida
798,Benoit Paire,36,34,14,5126,Paire
799,Mikalai Haliak,27,34,19,5126,Haliak
800,Alan Magadan,24,34,19,5126,Magadan
801,Linang Xiao,25,34,20,5126,Xiao
802,William Grant,24,34,25,5126,Grant
803,Artur Kukasian,21,34,26,5126,Kukasian
804,Jacob Brumm,27,34,27,5126,Brumm
805,J.J. Wolf,26,33,3,5127,Wolf
806,Oscar Weightman,24,33,5,5127,Weightman
807,Albert Pedrico Kravtsov,20,33,8,5127,Pedrico Kravtsov
808,Karim Bennani,18,33,9,5127,Bennani
809,Pedro Rodenas,21,33,12,5127,Rodenas
810,Evgeny Karlovskiy,31,33,13,5127,Karlovskiy
811,Aleksandr Lobanov,24,33,17,5127,Lobanov
812,Emile Hudd,25,33,19,5127,Hudd
813,Alejandro Juan Mano,20,33,23,5127,Juan Mano
814,Toufik Sahtali,26,33,24,5127,Sahtali
815,Wilson Leite,34,33,25,5127,Leite
816,Aleksandr Braynin,26,33,28,5127,Braynin
817,Nikita Bilozertsev,17,32,9,5128,Bilozertsev
818,Bruno Fernandez,21,32,19,5128,Fernandez
819,Keisuke Saitoh,24,32,20,5128,Saitoh
820,Maximilian Homberg,22,32,21,5128,Homberg
821,Thanapet Chanta,26,32,21,5128,Chanta
822,Lorenzo Rottoli,23,32,21,5128,Rottoli
823,Taiyo Yamanaka,24,32,24,5128,Yamanaka
824,Iannis Miletich,20,32,25,5128,Miletich
825,Kosuke Ogura,29,32,26,5128,Ogura
826,Mathias Bourgue,31,31,12,5129,Bourgue
827,Petros Tsitsipas,25,31,16,5129,Tsitsipas
828,Bautista Vilicich,24,31,17,5129,Vilicich
829,Amir Omarkhanov,18,31,20,5129,Omarkhanov
830,Vincent Marysko,19,31,21,5129,Marysko
831,Nikita Mashtakov,26,31,24,5129,Mashtakov
832,Noah Schachter,26,31,24,5129,Schachter
833,Niccolo Catini,28,31,25,5129,Catini
834,Martin Klizan,36,30,8,5130,Klizan
835,Gian Luca Tanner,24,30,11,5130,Luca Tanner
836,Kristijan Juhas,24,30,13,5130,Juhas
837,Alejandro Turriziani Alvarez,22,30,16,5130,Turriziani Alvarez
838,Maximo Zeitune,19,30,18,5130,Zeitune
839,Benjamin Torrealba,20,30,19,5130,Torrealba
840,Marlon Vankan,25,30,24,5130,Vankan
841,Jacob Bradshaw,23,29,10,5131,Bradshaw
842,Evgenii Tiurnev,28,29,12,5131,Tiurnev
843,Julio Cesar Porras,27,29,16,5131,Cesar Porras
844,Jorge Plans,23,29,17,5131,Plans
845,Rafael Izquierdo Luque,25,29,17,5131,Izquierdo Luque
846,Mert Naci Turker,27,29,20,5131,Naci Turker
847,Thiago Cigarran,25,29,21,5131,Cigarran
848,Ben Jones,27,29,26,5131,Jones
849,Marko Maksimovic,19,29,27,5131,Maksimovic
850,Dragos Nicolae Cazacu,21,29,31,5131,Nicolae Cazacu
851,Dong Ju Kim,23,28,8,5132,Ju Kim
852,Matt Ponchet,21,28,10,5132,Ponchet
852,Hoyoung Roh,19,28,10,5132,Roh
854,Marc Van Der Merwe,31,28,11,5132,Van Der Merwe
855,Xiaofei Wang,22,28,14,5132,Wang
856,Ryotaro Taguchi,25,28,16,5132,Taguchi
857,Giorgio Tabacco,22,28,18,5132,Tabacco
858,Ignacio Parisca Romera,20,28,24,5132,Parisca Romera
859,Niklas Schell,26,28,25,5132,Schell
860,Alexandre Aubriot,26,28,30,5132,Aubriot
861,Ryan Seggerman,26,27,7,5133,Seggerman
862,Oliver Bonding,18,27,12,5133,Bonding
863,Shunsuke Nakagawa,25,27,13,5133,Nakagawa
864,Charlie Robertson,19,27,14,5133,Robertson
865,Isaiah Strode,28,27,14,5133,Strode
866,Jeffrey Von Der Schulenburg,23,27,15,5133,Von Der Schulenburg
867,Lautaro Agustin Falabella,27,27,18,5133,Agustin Falabella
868,Jakub Filip,20,27,19,5133,Filip
869,Amit Vales,20,27,22,5133,Vales
870,Izan Almazan Valiente,19,27,23,5133,Almazan Valiente
871,Manuel Plunger,23,26,6,5134,Plunger
871,Emon Van Loben Sels,20,26,6,5134,Van Loben Sels
873,Ilya Snitari,23,26,9,5134,Snitari
874,Scott Jones,27,26,13,5134,Jones
875,Kalin Ivanovski,21,26,13,5134,Ivanovski
876,Nikola Slavic,25,26,17,5134,Slavic
877,Matyas Cerny,24,26,18,5134,Cerny
878,Daisuke Sumizawa,26,26,18,5134,Sumizawa
879,Joao Victor Couto Loureiro,22,26,19,5134,Victor Couto Loureiro
880,Alexander Klintcharov,29,26,22,5134,Klintcharov
881,Diego Schwartzman,33,25,2,5135,Schwartzman
882,Nicolas Ian Kotzen,22,25,6,5135,Ian Kotzen
883,Arklon Huertas Del Pino Cordova,31,25,8,5135,Huertas Del Pino Cordova
884,Aoran Wang,28,25,9,5135,Wang
885,Tiago Cacao,27,25,9,5135,Cacao
886,Jumpei Yamasaki,28,25,17,5135,Yamasaki
887,Dev Javia,23,25,22,5135,Javia
888,Orlando Luz,27,24,5,5136,Luz
889,Savriyan Danilov,25,24,8,5136,Danilov
890,Andreja Petrovic,25,24,10,5136,Petrovic
891,Moise Kouame,16,24,10,5136,Kouame
892,Enzo Wallart,28,24,15,5136,Wallart
893,Fernando Cavallo,20,24,17,5136,Cavallo
894,Miles Jones,24,24,17,5136,Jones
895,Tomas Serrano Luis,23,24,18,5136,Serrano Luis
896,Michel Hopp,26,24,19,5136,Hopp
897,Anas Mazdrashki,19,24,20,5136,Mazdrashki
898,Daniel De Jonge,26,24,22,5136,De Jonge
899,Ezekiel Clark,27,24,24,5136,Clark
900,Seydina Andre,22,24,25,5136,Andre
901,Nicolas Jadoun,23,24,25,5136,Jadoun
902,Grigoriy Lomakin,27,24,34,5136,Lomakin
903,Peter Makk,24,23,11,5137,Makk
904,Kasra Rahmani,19,23,16,5137,Rahmani
905,Marcus Walters,27,23,17,5137,Walters
906,Carles Hernandez,24,23,18,5137,Hernandez
907,Finn Murgett,24,23,20,5137,Murgett
908,Nitin Kumar Sinha,26,23,21,5137,Kumar Sinha
909,Evan Bynoe,26,23,22,5137,Bynoe
910,Jesse Delaney,27,23,27,5137,Delaney
911,Andrea Fiorentini,24,23,27,5137,Fiorentini
912,Matthew Forbes,19,22,5,5138,Forbes
913,Paul Inchauspe,21,22,5,5138,Inchauspe
914,Theodore Dean,23,22,6,5138,Dean
915,Calvin Mueller,25,22,8,5138,Mueller
916,Steven Diez,34,22,8,5138,Diez
917,Pavel Lagutin,20,22,10,5138,Lagutin
918,Lorenzo Bocchi,28,22,14,5138,Bocchi
919,Yaojie Zeng,23,22,15,5138,Zeng
920,Salvador Price,20,22,16,5138,Price
921,Adan Freire Da Silva,26,22,19,5138,Freire Da Silva
922,Romain Faucon,23,22,21,5138,Faucon
923,Kristjan Tamm,27,22,22,5138,Tamm
924,Pietro Marino,24,22,24,5138,Marino
925,Zoran Ludoski,20,21,4,5139,Ludoski
926,Gianluca Mager,31,21,5,5139,Mager
927,Aleksa Ciric,25,21,6,5139,Ciric
928,Rudy Quan,19,21,9,5139,Quan
929,Filip Pieczonka,21,21,9,5139,Pieczonka
930,Pablo Masjuan Ginel,23,21,10,5139,Masjuan Ginel
931,Stijn Paardekooper,22,21,11,5139,Paardekooper
932,Marc Majdandzic,20,21,15,5139,Majdandzic
933,Benjamin Pietri,29,21,16,5139,Pietri
934,Juan Sebastian Osorio,28,21,16,5139,Sebastian Osorio
935,Yaroslav Demin,20,21,19,5139,Demin
936,Chirag Duhan,21,21,22,5139,Duhan
937,Gijs Brouwer,29,20,3,5140,Brouwer
938,Yun seong Chung,27,20,10,5140,seong Chung
939,Ivan Ivanov,17,20,13,5140,Ivanov
940,Simeon Stankovic,18,20,17,5140,Stankovic
941,Brian Bozemoj,22,20,18,5140,Bozemoj
942,Qian Sun,24,20,19,5140,Sun
943,Finn Bass,26,20,22,5140,Bass
944,John Hallquist Lithen,24,20,23,5140,Hallquist Lithen
945,Axel Nefve,25,20,23,5140,Nefve
946,Lorenzo Angelini,19,20,23,5140,Angelini
947,Pierre Yves Bailly,22,19,3,5141,Yves Bailly
948,David Pichler,29,19,3,5141,Pichler
949,Johannes Ingildsen,28,19,4,5141,Ingildsen
950,Georgi Georgiev,19,19,6,5141,Georgiev
951,Luca Pow,20,19,6,5141,Pow
952,Matt Hulme,26,19,10,5141,Hulme
953,Jea Moon Lee,32,19,10,5141,Moon Lee
954,Pietro Romeo Scomparin,24,19,14,5141,Romeo Scomparin
955,Manish Sureshkumar,26,19,14,5141,Sureshkumar
956,Karlis Ozolins,23,19,15,5141,Ozolins
957,Thantub Suksumrarn,24,19,16,5141,Suksumrarn
958,Marcello Serafini,23,19,18,5141,Serafini
959,Ewen Lumsden,25,19,19,5141,Lumsden
960,Bekkhan Atlangeriev,24,19,19,5141,Atlangeriev
961,Nicolas Zanellato,23,19,19,5141,Zanellato
962,Tomas Martinez,22,19,19,5141,Martinez
963,Justin Schlageter,24,19,20,5141,Schlageter
964,Lucas Marionneau,19,19,20,5141,Marionneau
965,Diego Fernandez Flores,25,19,27,5141,Fernandez Flores
966,Michael Zhu,33,19,31,5141,Zhu
967,Nicolas Barrientos,38,18,2,5142,Barrientos
968,Taym Al Azmeh,21,18,6,5142,Al Azmeh
969,Dante Pagani,17,18,6,5142,Pagani
970,Spencer Johnson,22,18,7,5142,Johnson
971,Jack Kennedy,17,18,9,5142,Kennedy
972,Luca Wiedenmann,27,18,9,5142,Wiedenmann
973,Mateo Barreiros Reyes,25,18,10,5142,Barreiros Reyes
974,Ryo Tabata,17,18,11,5142,Tabata
975,Alejo Lorenzo Lingua Lavallen,24,18,11,5142,Lorenzo Lingua Lavallen
976,Kiranpal Pannu,28,18,12,5142,Pannu
977,Isaac Becroft,25,18,13,5142,Becroft
978,Leonardo Aboian,27,18,13,5142,Aboian
979,Adrian Andreev,24,18,14,5142,Andreev
980,Maxim Shin,22,18,16,5142,Shin
981,Peter Buldorini,21,18,17,5142,Buldorini
982,Younes Lalami,24,18,17,5142,Lalami
983,Thomas Braithwaite,26,18,17,5142,Braithwaite
984,Lorenzo Lorusso,25,18,20,5142,Lorusso
985,Nicolas Villalon,21,18,20,5142,Villalon
986,Sam Ryan Ziegann,27,18,22,5142,Ryan Ziegann
987,Jeremy Gschwendtner,27,18,22,5142,Gschwendtner
988,Mihai Razvan Marinescu,24,18,26,5142,Razvan Marinescu
989,Gabriel Debru,19,17,3,5143,Debru
990,Ryan Colby,22,17,4,5143,Colby
991,Ziga Sesko,17,17,5,5143,Sesko
992,Kuang Qing Xu,19,17,6,5143,Qing Xu
993,Andrew Delgado,20,17,6,5143,Delgado
994,Suk Hyun Choo,24,17,8,5143,Hyun Choo
995,Dominique Rolland,21,17,8,5143,Rolland
996,William Rejchtman Vinciguerra,18,17,9,5143,Rejchtman Vinciguerra
997,Dominik Recek,30,17,9,5143,Recek
998,Blake Mott,29,17,9,5143,Mott
999,Pepijn Bastiaansen,20,17,10,5143,Bastiaansen
1000,Louis Dussin,26,17,10,5143,Dussin
1001,Patrick Brady,21,17,10,5143,Brady
1002,Samuel Vincent Ruggeri,23,17,13,5143,Vincent Ruggeri
1003,Jesse Flores,30,17,15,5143,Flores
1004,Ivan Nedelko,39,17,15,5143,Nedelko
1005,Tymur Bieldiugin,20,17,16,5143,Bieldiugin
1006,Mikael Arseneault,18,17,18,5143,Arseneault
1007,Daniel Salazar,24,17,19,5143,Salazar
1008,Fermin Tenti,28,17,19,5143,Tenti
1009,Ruslan Tiukaev,20,17,22,5143,Tiukaev
1010,Pavlos Tsitsipas,20,17,29,5143,Tsitsipas
1011,Vignesh Gogineni,22,16,2,5144,Gogineni
1012,Nicolas Oliveira,19,16,3,5144,Oliveira
1013,Alex Kuperstein,27,16,5,5144,Kuperstein
1014,Alexey Zakharov,25,16,5,5144,Zakharov
1015,Keegan Rice,19,16,7,5144,Rice
1016,Lorenzo Gagliardo,25,16,8,5144,Gagliardo
1017,Markus Malaszszak,21,16,11,5144,Malaszszak
1018,Benjamin Winter Lopez,27,16,11,5144,Winter Lopez
1019,Zach Stephens,19,16,12,5144,Stephens
1020,David Poljak,29,16,13,5144,Poljak
1021,Lucca Helguera Casado,20,16,17,5144,Helguera Casado
1022,Chen Dong,23,16,19,5144,Dong
1023,Rares Teodor Pieleanu,18,16,19,5144,Teodor Pieleanu
1024,Ezequiel Monferrer,22,16,19,5144,Monferrer
1025,Hayden Jones,19,16,19,5144,Jones
1026,Nicolas Ifi,27,16,25,5144,Ifi
1027,Giannicola Misasi,25,16,28,5144,Misasi
1028,Alexander Vasilev,18,15,5,5145,Vasilev
1029,Oscar Otte,32,15,6,5145,Otte
1030,Simon Reveniau,27,15,6,5145,Reveniau
1031,Gilbert Klier Junior,25,15,10,5145,Klier Junior
1032,Kacper Szymkowiak,21,15,11,5145,Szymkowiak
1033,Gergely Madarasz,31,15,11,5145,Madarasz
1034,Enzo Kohlmann De Freitas,19,15,12,5145,Kohlmann De Freitas
1035,Chanyeong Oh,27,15,12,5145,Oh
1036,Louis Larue,21,15,13,5145,Larue
1037,Rafael De Alba,23,15,14,5145,De Alba
1038,Koray Kirci,27,15,16,5145,Kirci
1039,Pieter De Lange,19,15,16,5145,De Lange
1040,Yannik Kelm,20,15,17,5145,Kelm
1041,Benjamin Thomas George,22,15,19,5145,Thomas George
1042,Pengyu Lu,23,15,19,5145,Lu
1043,Stefano D'Agostino,22,15,21,5145,D'Agostino
1044,Karim Ibrahim,22,15,22,5145,Ibrahim
1045,Nicolas Bruna,26,15,23,5145,Bruna
1046,Daniele Rapagnetta,19,15,23,5145,Rapagnetta
1047,Tomohiro Masabayashi,27,15,32,5145,Masabayashi
1048,Dylan Dietrich,21,14,3,5146,Dietrich
1049,Jangjun Kim,18,14,5,5146,Kim
1050,Bastian Malla,29,14,7,5146,Malla
1051,Kriish Tyagi,18,14,8,5146,Tyagi
1052,Marko Miladinovic,25,14,8,5146,Miladinovic
1053,Thomas Deschamps,27,14,9,5146,Deschamps
1053,Oskari Paldanius,18,14,9,5146,Paldanius
1053,Tom Zeuch,25,14,9,5146,Zeuch
1056,Grigory Shebekin,20,14,10,5146,Shebekin
1057,Karl Friberg,26,14,12,5146,Friberg
1058,Joao Vitor Scramin Do Lago,19,14,13,5146,Vitor Scramin Do Lago
1059,Natan Rodrigues,23,14,13,5146,Rodrigues
1060,Siddharth Vishwakarma,31,14,14,5146,Vishwakarma
1061,Sebastian Fanselow,33,14,16,5146,Fanselow
1062,Ishaque Eqbal,27,14,17,5146,Eqbal
1063,Hugo Pierre,29,14,19,5146,Pierre
1064,Franco Ribero,26,14,23,5146,Ribero
1065,Nathan Ponwith,27,14,24,5146,Ponwith
1066,Matias Ponce De Leon Gomila,22,13,3,5147,Ponce De Leon Gomila
1067,Antoine Cornut-Chauvinc,25,13,4,5147,Cornut-Chauvinc
1068,Gavin Young,23,13,5,5147,Young
1069,Jason Jung,36,13,5,5147,Jung
1070,Mohamed Safwat,35,13,7,5147,Safwat
1071,Christopher Li,22,13,8,5147,Li
1072,Noah Zamora,22,13,8,5147,Zamora
1073,Enzo Aguiard,23,13,8,5147,Aguiard
1074,Vlado Jankanj,19,13,9,5147,Jankanj
1075,Sebastian Dominko,22,13,9,5147,Dominko
1076,Alexander Kotzen,25,13,10,5147,Kotzen
1077,Julian Cundom,24,13,11,5147,Cundom
1078,Alberto Bronzetti,27,13,11,5147,Bronzetti
1079,Federico Aguilar Cardozo,20,13,13,5147,Aguilar Cardozo
1080,Ali Habib,23,13,15,5147,Habib
1081,Nicolas Parizzia,27,13,15,5147,Parizzia
1082,Gabriele Bosio,25,13,16,5147,Bosio
1083,Noel Larwig,24,13,16,5147,Larwig
1084,Mika Lipp,22,13,17,5147,Lipp
1085,Nikola Basic,24,13,17,5147,Basic
1086,Ammar Alhogbani,27,13,18,5147,Alhogbani
1087,Louis Tessa,27,13,20,5147,Tessa
1088,Matthias Ujvary,21,13,22,5147,Ujvary
1089,Jacopo Bilardo,21,13,23,5147,Bilardo
1090,Gabriele Maria Noce,30,13,23,5147,Maria Noce
1091,Daniil Sarksian,19,13,27,5147,Sarksian
1092,Zhe Li,39,12,3,5148,Li
1093,Devin Badenhorst,21,12,3,5148,Badenhorst
1094,Benito Sanchez Martinez,23,12,4,5148,Sanchez Martinez
1095,Jamie Mackenzie,17,12,4,5148,Mackenzie
1096,Niels McDonald,17,12,6,5148,McDonald
1097,Adam Jilly,19,12,6,5148,Jilly
1098,Martin Borisiouk,25,12,7,5148,Borisiouk
1099,Mario Martinez Serrano,21,12,7,5148,Martinez Serrano
1100,Cezar Gabriel Papoe,18,12,8,5148,Gabriel Papoe
1101,Geun Jun Kim,24,12,9,5148,Jun Kim
1102,Alen Mujakic,22,12,11,5148,Mujakic
1103,Maan Kesharwani,24,12,12,5148,Kesharwani
1104,Mathieu Scaglia,27,12,13,5148,Scaglia
1105,Yuto Oki,20,12,14,5148,Oki
1106,Enzo Camargo Lima,22,12,15,5148,Camargo Lima
1107,Gian Marco Ortenzi,25,12,15,5148,Marco Ortenzi
1108,Hanyi Liu,24,12,15,5148,Liu
1109,Jasza Szajrych,23,12,16,5148,Szajrych
1110,Andreas Timini,19,12,16,5148,Timini
1111,Piet Luis Pinter,20,12,17,5148,Luis Pinter
1111,Billy Suarez,23,12,17,5148,Suarez
1113,Stefan Vujic,27,12,18,5148,Vujic
1114,Evgeny Philippov,23,12,18,5148,Philippov
1115,Xing Dao Chen,21,12,19,5148,Dao Chen
1116,Juan Bautista Otegui,26,12,20,5148,Bautista Otegui
1117,Niccol√≤ Ciavarella,21,12,20,5148,Ciavarella
1118,Sungbeen Sim,28,12,21,5148,Sim
1119,Boris Butulija,26,12,22,5148,Butulija
1120,Ozan Baris,21,11,4,5149,Baris
1120,Zsombor Velcz,23,11,4,5149,Velcz
1122,Derek Pham,21,11,5,5149,Pham
1123,Oskar Brostrom Poulsen,23,11,7,5149,Brostrom Poulsen
1124,Rohan Mehra,23,11,7,5149,Mehra
1125,Mathis Bondaz,23,11,7,5149,Bondaz
1126,Connor Thomson,24,11,8,5149,Thomson
1127,James Van Herzeele,22,11,9,5149,Van Herzeele
1128,Elijah Strode,23,11,9,5149,Strode
1129,Maxwell Exsted,18,11,11,5149,Exsted
1130,Thando Longwe-Smit,24,11,11,5149,Longwe-Smit
1131,Jefferson Wendler Filho,30,11,14,5149,Wendler Filho
1132,Elgin Khoeblal,24,11,15,5149,Khoeblal
1133,Ricardo Rodriguez - Pace,32,11,16,5149,Rodriguez - Pace
1134,Leonardo Malgaroli,23,11,16,5149,Malgaroli
1135,Gregor Ramskogler,27,11,16,5149,Ramskogler
1136,Nikolai Barsukov,19,11,17,5149,Barsukov
1137,Tyler Stice,25,11,18,5149,Stice
1138,Valentin Basel,21,11,21,5149,Basel
1139,Maximilian Figl,21,11,21,5149,Figl
1140,Mohamed Nazim Makhlouf,29,11,21,5149,Nazim Makhlouf
1141,Toby Martin,32,11,23,5149,Martin
1142,Noah Thurner,25,11,29,5149,Thurner
1143,Luis David Martinez,36,10,1,5150,David Martinez
1144,Stian Klaassen,22,10,3,5150,Klaassen
1144,Filippo Speziali,25,10,3,5150,Speziali
1146,Rohan Murali,21,10,3,5150,Murali
1147,Siddhant Banthia,25,10,4,5150,Banthia
1148,Mustafa Ege Sik,16,10,5,5150,Ege Sik
1148,Cooper Woestendick,19,10,5,5150,Woestendick
1150,Alexander Rozin,20,10,5,5150,Rozin
1151,Jannik Opitz,27,10,6,5150,Opitz
1152,Daniel Paty,26,10,7,5150,Paty
1153,Nino Serdarusic,29,10,7,5150,Serdarusic
1154,Andrea Meduri,20,10,8,5150,Meduri
1154,Oliver Okonkwo,25,10,8,5150,Okonkwo
1156,Martin Sabas,24,10,8,5150,Sabas
1157,Jack Loutit,21,10,9,5150,Loutit
1157,Ramkumar Ramanathan,31,10,9,5150,Ramanathan
1159,Ryota Tanuma,30,10,9,5150,Tanuma
1160,Sebastian Prechtel,29,10,10,5150,Prechtel
1161,Edison Ambarzumjan,29,10,11,5150,Ambarzumjan
1162,George Lazarov,20,10,11,5150,Lazarov
1163,Charlie Camus,19,10,12,5150,Camus
1164,Dimitris Azoidis,25,10,13,5150,Azoidis
1165,Nicolas Garcia Longo,20,10,14,5150,Garcia Longo
1166,Phillip Jordan,25,10,14,5150,Jordan
1167,Ronald Hohmann,24,10,15,5150,Hohmann
1168,Mateo Del Pino,22,10,15,5150,Del Pino
1169,Oliver Anderson,27,10,16,5150,Anderson
1170,Markus Molder,20,10,17,5150,Molder
1171,Ivan Gretskiy,19,10,18,5150,Gretskiy
1172,Denis Petak,19,10,18,5150,Petak
1173,Zura Tkemaladze,25,10,20,5150,Tkemaladze
1174,Yuquan Jin,25,10,21,5150,Jin
1175,Noah Perfetti,24,10,22,5150,Perfetti
1176,Samuele Seghetti,19,10,23,5150,Seghetti
1177,Yuta Tomida,19,10,23,5150,Tomida
1178,Leyton Rivera,24,10,25,5150,Rivera
1179,Diogo Marques,26,10,27,5150,Marques
1180,Saveliy Ivanov,21,10,30,5150,Ivanov
1181,Joshua Lapadat,23,9,4,5151,Lapadat
1182,Cleeve Harper,24,9,4,5151,Harper
1183,Leonardo Primucci,22,9,5,5151,Primucci
1184,Alexander Bernard,22,9,7,5151,Bernard
1185,Shu Matsuoka,22,9,7,5151,Matsuoka
1186,Patrick Schoen,20,9,7,5151,Schoen
1187,Tudor Batin,18,9,7,5151,Batin
1188,Orel Kimhi,22,9,10,5151,Kimhi
1189,Mikail Alimli,22,9,11,5151,Alimli
1190,Oscar Moraing,25,9,11,5151,Moraing
1191,Christian Djonov,25,9,12,5151,Djonov
1192,Robert Guna,20,9,12,5151,Guna
1192,Jan Hrazdil,20,9,12,5151,Hrazdil
1194,Martyn Pawelski,21,9,13,5151,Pawelski
1195,Ivan Denisov,25,9,13,5151,Denisov
1196,Arthur Bonnaud,28,9,14,5151,Bonnaud
1197,Aldin Setkic,37,9,14,5151,Setkic
1198,Viktor Frydrych,19,9,15,5151,Frydrych
1199,Andrea De Marchi,18,9,15,5151,De Marchi
1200,Joao Vitor Goncalves Ceolin,26,9,17,5151,Vitor Goncalves Ceolin
1201,Charles Bertimon,26,9,17,5151,Bertimon
1201,Aleksander Chayka,21,9,17,5151,Chayka
1203,Keenan Mayo,25,8,2,5152,Mayo
1204,Luis Felipe Miguel,21,8,3,5152,Felipe Miguel
1205,Thijs Boogaard,17,8,3,5152,Boogaard
1206,Ofek Shimanov,20,8,4,5152,Shimanov
1207,Daniel Cukierman,30,8,4,5152,Cukierman
1208,Vito Tonejc,26,8,5,5152,Tonejc
1209,Deney Wassermann,24,8,6,5152,Wassermann
1210,Keaton Hance,17,8,6,5152,Hance
1211,Savva Polukhin,27,8,6,5152,Polukhin
1212,Simon Beaupain,26,8,7,5152,Beaupain
1212,Jiri Vesely,32,8,7,5152,Vesely
1214,Tiago Silva,21,8,7,5152,Silva
1215,Joao Domingues,32,8,7,5152,Domingues
1216,Darian King,33,8,8,5152,King
1217,Elliot Benchetrit,27,8,8,5152,Benchetrit
1218,Taketo Takamisawa,27,8,8,5152,Takamisawa
1219,Herman Hoeyeraal,24,8,9,5152,Hoeyeraal
1220,Giulio Perego,22,8,9,5152,Perego
1221,Pierre Antoine Faut,18,8,9,5152,Antoine Faut
1222,Matthew Thomson,25,8,10,5152,Thomson
1223,Lorenzo Beraldo,19,8,10,5152,Beraldo
1224,Seongwoo Cho,27,8,10,5152,Cho
1225,Valentin Lapalu,23,8,10,5152,Lapalu
1226,Junhyeon Lee,23,8,11,5152,Lee
1226,Vishnu Vardhan,38,8,11,5152,Vardhan
1228,Anton Shepp,23,8,11,5152,Shepp
1229,Amador Salazar,24,8,12,5152,Salazar
1230,Lorenzo Comino,19,8,12,5152,Comino
1230,Edouard Villoslada,25,8,12,5152,Villoslada
1232,Aaron Funk,19,8,14,5152,Funk
1233,Aljaz Jeran,22,8,14,5152,Jeran
1234,Volodymyr Iakubenko,20,8,14,5152,Iakubenko
1235,Reece Falck,23,8,14,5152,Falck
1236,Giacomo Crisostomo,22,8,15,5152,Crisostomo
1236,Egor Pleshivtsev,18,8,15,5152,Pleshivtsev
1238,Jan Kupcic,24,8,16,5152,Kupcic
1239,Leonid Sheyngezikht,25,8,16,5152,Sheyngezikht
1240,Brandon Perez,25,8,18,5152,Perez
1241,Sergi Fita Juan,18,8,19,5152,Fita Juan
1241,Rafael Tosetto,26,8,19,5152,Tosetto
1243,Niklas Waldner,24,8,21,5152,Waldner
1244,Vadym Konovchuk,22,8,21,5152,Konovchuk
1245,Keshav Chopra,24,8,23,5152,Chopra
1246,Joao Graca,25,8,26,5152,Graca
1247,Cosme Rolland De Ravel,21,7,2,5153,Rolland De Ravel
1248,Niels Ratiu,20,7,4,5153,Ratiu
1249,Thiago Agustin Pernas,24,7,4,5153,Agustin Pernas
1250,Alex Chang,22,7,4,5153,Chang
1251,Noa Vukadin,21,7,4,5153,Vukadin
1252,Preston Stearns,21,7,5,5153,Stearns
1253,Liam Branger,24,7,5,5153,Branger
1254,Mark Whitehouse,32,7,5,5153,Whitehouse
1255,Noah Johnston,18,7,6,5153,Johnston
1256,Viktor Markov,20,7,6,5153,Markov
1257,Nicholas Godsick,21,7,6,5153,Godsick
1258,Fnu Nidunjianzan,21,7,7,5153,Nidunjianzan
1259,Lachlan James Mcfadzean,18,7,7,5153,James Mcfadzean
1260,Julian Alonso Jr,20,7,7,5153,Alonso Jr
1261,Hazem Naw,25,7,7,5153,Naw
1262,Szymon Kielan,23,7,8,5153,Kielan
1263,Daniel Bagnolini,22,7,8,5153,Bagnolini
1263,Niklas Guttau,25,7,8,5153,Guttau
1265,Gage Brymer,30,7,9,5153,Brymer
1265,Kabir Hans,24,7,9,5153,Hans
1267,Pranav Kumar,26,7,9,5153,Kumar
1268,Denis Spiridon,23,7,9,5153,Spiridon
1269,Gabriel Schenekenberg,20,7,9,5153,Schenekenberg
1270,Filippo Alberti,22,7,10,5153,Alberti
1271,Sebastiano Cocola,19,7,11,5153,Cocola
1272,Liam Krall,23,7,11,5153,Krall
1273,Marcel Kamrowski,22,7,11,5153,Kamrowski
1274,Dmitry Bessonov,19,7,11,5153,Bessonov
1275,Vladislav Melnic,26,7,12,5153,Melnic
1276,David Eichenseher,19,7,12,5153,Eichenseher
1277,Oskar Grzegorzewski,20,7,12,5153,Grzegorzewski
1278,Ioannis Kountourakis,23,7,13,5153,Kountourakis
1279,Alessio Basile,21,7,13,5153,Basile
1279,Benjamin Hannestad,28,7,13,5153,Hannestad
1281,Fadi Bidan,19,7,14,5153,Bidan
1281,Mateo Casta√±eda,19,7,14,5153,Casta√±eda
1283,Ethan Cook,22,7,14,5153,Cook
1284,Matteo Fondriest,21,7,14,5153,Fondriest
1285,Nico Hipfl,19,7,15,5153,Hipfl
1285,Maxence Rivet,22,7,15,5153,Rivet
1285,Sydney Zick,18,7,15,5153,Zick
1288,Leonardo Cattaneo,19,7,15,5153,Cattaneo
1289,Alan Bojarski,22,7,16,5153,Bojarski
1290,Matas Vasiliauskas,23,7,17,5153,Vasiliauskas
1291,Nikola Jovic,18,7,17,5153,Jovic
1292,Antoine Berger,27,7,17,5153,Berger
1293,Andrin Casanova,21,7,18,5153,Casanova
1294,Yuichiro Inui,30,7,20,5153,Inui
1295,Duarte Vale,26,6,1,5154,Vale
1296,Gianluca Brunkow,23,6,2,5154,Brunkow
1297,Segundo Goity Zapico,20,6,2,5154,Goity Zapico
1298,Max Dahlin,19,6,3,5154,Dahlin
1298,Andrej Loncarevic,20,6,3,5154,Loncarevic
1300,Mehdi Benchakroun,21,6,3,5154,Benchakroun
1301,Filip Gustafsson,20,6,4,5154,Gustafsson
1302,Ryan James Storrie,27,6,4,5154,James Storrie
1303,Gavin Goode,17,6,5,5154,Goode
1304,Michal Novansky,23,6,5,5154,Novansky
1305,Rodrigo Fernandes,19,6,5,5154,Fernandes
1306,Khololwam Montsi,23,6,5,5154,Montsi
1307,Pawel Juszczak,31,6,5,5154,Juszczak
1307,Marko Mesarovic,21,6,5,5154,Mesarovic
1309,Harold Huens,23,6,6,5154,Huens
1309,Novak Novakovic,24,6,6,5154,Novakovic
1311,Maxime Cressy,28,6,6,5154,Cressy
1312,Justin Roberts,29,6,7,5154,Roberts
1313,Nicaise Muamba,25,6,8,5154,Muamba
1314,Patrik Munkhammar,18,6,8,5154,Munkhammar
1315,Lingxi Zhao,25,6,8,5154,Zhao
1316,Yua Taka,22,6,9,5154,Taka
1317,Yan Cheng Chen,23,6,9,5154,Cheng Chen
1317,Vladan Tadic,24,6,9,5154,Tadic
1319,Madhwin Kamath,24,6,9,5154,Kamath
1319,Glib Sekachov,19,6,9,5154,Sekachov
1321,Jonas Pelle Hartenstein,24,6,9,5154,Pelle Hartenstein
1321,Jarno Jans,25,6,9,5154,Jans
1323,Ignacio Antonio Becerra Otarola,25,6,10,5154,Antonio Becerra Otarola
1323,Jan Klimas,19,6,10,5154,Klimas
1323,Juan Pablo Paz,30,6,10,5154,Pablo Paz
1326,Joe Leather,24,6,11,5154,Leather
1327,Conor Gannon,23,6,11,5154,Gannon
1328,Noah Lopez Cherubino,19,6,12,5154,Lopez Cherubino
1328,Alexandre Reco,26,6,12,5154,Reco
1330,Miha Vetrih,23,6,12,5154,Vetrih
1331,Manvydas Balciunas,19,6,12,5154,Balciunas
1331,Victor Hugo Remondy Pagotto,20,6,12,5154,Hugo Remondy Pagotto
1331,Abhinav Sanjeev Shanmugam,27,6,12,5154,Sanjeev Shanmugam
1334,Radovan Michalik,22,6,13,5154,Michalik
1335,Patricio Alvarado,36,6,13,5154,Alvarado
1335,James Beaven,20,6,13,5154,Beaven
1335,Aaron Gil Garcia,22,6,13,5154,Gil Garcia
1338,Alessandro Battiston,19,6,14,5154,Battiston
1338,Makoto Ochi,29,6,14,5154,Ochi
1338,Louis Van Herck,26,6,14,5154,Van Herck
1341,Benjamin O'Connell,26,6,15,5154,O'Connell
1341,Lucca Pinto,22,6,15,5154,Pinto
1343,Philip Hjorth,26,6,16,5154,Hjorth
1344,Alp Horoz,30,6,16,5154,Horoz
1345,Luca Fantini,25,6,16,5154,Fantini
1346,Charles Chen,17,6,18,5154,Chen
1346,Manel Lazaro Juncadella,19,6,18,5154,Lazaro Juncadella
1348,Gokberk Saritas,22,6,20,5154,Saritas
1349,Preston Brown,24,6,28,5154,Brown
1350,Santiago Lora,18,5,2,5155,Lora
1350,Illya Marchenko,38,5,2,5155,Marchenko
1350,Niels Peter Van Noord,25,5,2,5155,Peter Van Noord
1353,Jagger Leach,18,5,2,5155,Leach
1354,James Hopper,24,5,3,5155,Hopper
1354,Jeremy Jin,21,5,3,5155,Jin
1354,Jaden Weekes,21,5,3,5155,Weekes
1357,Yannick Theodor Alexandrescu,17,5,3,5155,Theodor Alexandrescu
1358,Luc Koenig,22,5,3,5155,Koenig
1359,Edoardo cherie Ligniere,21,5,4,5155,cherie Ligniere
1359,Frazier Rengifo,26,5,4,5155,Rengifo
1359,Jeremy Zhang,20,5,4,5155,Zhang
1362,Asahi Harazaki,21,5,4,5155,Harazaki
1363,Saki Tange,21,5,4,5155,Tange
1364,Alessio Vasquez,22,5,4,5155,Vasquez
1365,Jaesung Choe,26,5,5,5155,Choe
1365,Joaquin Guilleme,19,5,5,5155,Guilleme
1365,Stefan Seifert,40,5,5,5155,Seifert
1368,Dillon Beckles,19,5,5,5155,Beckles
1368,Alexander Frusina,19,5,5,5155,Frusina
1370,Amir Milushev,20,5,5,5155,Milushev
1371,Charlelie Cosnet,22,5,5,5155,Cosnet
1371,Stefan Horia Haita,18,5,5,5155,Horia Haita
1373,Anton Arzhankin,22,5,6,5155,Arzhankin
1373,Leonardo Borrelli,20,5,6,5155,Borrelli
1375,Adil Kalyanpur,25,5,6,5155,Kalyanpur
1376,William Jansen,21,5,6,5155,Jansen
1376,Vardan Manukyan,21,5,6,5155,Manukyan
1376,Bernardo Munk Mesa,19,5,6,5155,Munk Mesa
1376,Nicola Rispoli,28,5,6,5155,Rispoli
1376,Konstantin Zhzhenov,21,5,6,5155,Zhzhenov
1381,Toshiki Karigyo,23,5,6,5155,Karigyo
1381,Peetu Pohjola,24,5,6,5155,Pohjola
1381,Alexander Wagner,19,5,6,5155,Wagner
1384,Bill Chan,19,5,6,5155,Chan
1385,Uladzimir Ignatik,35,5,7,5155,Ignatik
1385,Jackson Ross,24,5,7,5155,Ross
1387,Alexis Gurmendi,28,5,7,5155,Gurmendi
1388,Gilberto Ravasio,21,5,7,5155,Ravasio
1388,Xiaoyin Yang,21,5,7,5155,Yang
1390,Yuttana Charoenphon,25,5,8,5155,Charoenphon
1390,Rodolfo Jauregui Sainz de Rozas,32,5,8,5155,Jauregui Sainz de Rozas
1390,Kacper Knitter,18,5,8,5155,Knitter
1390,Lucca Liu,21,5,8,5155,Liu
1394,Kylian Collignon,20,5,8,5155,Collignon
1395,Toprak Avcibasi,21,5,9,5155,Avcibasi
1395,Felipe De Dios,22,5,9,5155,De Dios
1397,Kuzey Cekirge,25,5,9,5155,Cekirge
1397,Ioan Alexandru Chirita,22,5,9,5155,Alexandru Chirita
1399,Nick Chappell,33,5,9,5155,Chappell
1399,Mac Visser,20,5,9,5155,Visser
1401,Richard Antoni,20,5,10,5155,Antoni
1402,Gabor Hornung,20,5,10,5155,Hornung
1402,Alan Wazny,18,5,10,5155,Wazny
1404,Gabriele Crivellaro,18,5,10,5155,Crivellaro
1404,Gian Gruenig,25,5,10,5155,Gruenig
1404,Jonas Kucera,19,5,10,5155,Kucera
1407,Fanming Meng,18,5,10,5155,Meng
1407,Vuk Radjenovic,20,5,10,5155,Radjenovic
1407,Gabriele Volpi,29,5,10,5155,Volpi
1410,Pablo Trochu,22,5,11,5155,Trochu
1411,Tristan Stringer,20,5,11,5155,Stringer
1412,Juan Jose Bianchi,24,5,11,5155,Jose Bianchi
1412,Daniel Khazime,20,5,11,5155,Khazime
1412,Ferdinand Livet Novkirichka,17,5,11,5155,Livet Novkirichka
1412,Lasse Poertner,20,5,11,5155,Poertner
1416,Luka Talan Lopatic,17,5,12,5155,Talan Lopatic
1417,Naoki Tajima,25,5,14,5155,Tajima
1418,Francesco Ferrari,28,5,15,5155,Ferrari
1419,Michael Gloeckler,27,5,15,5155,Gloeckler
1420,Corban Crowther,22,5,16,5155,Crowther
1421,Andrea Bacaloni,23,5,16,5155,Bacaloni
1422,Alexey Aleshchev,26,5,17,5155,Aleshchev
1422,Nikita Ianin,24,5,17,5155,Ianin
1424,Alaa Trifi,18,5,19,5155,Trifi
1425,Blake Bayldon,27,4,1,5156,Bayldon
1425,Francisco Cabral,28,4,1,5156,Cabral
1425,Aleksi Lofman,23,4,1,5156,Lofman
1425,Nikola Milojevic,30,4,1,5156,Milojevic
1425,Amirkhamza Nasridinov,20,4,1,5156,Nasridinov
1425,Kaito Uesugi,30,4,1,5156,Uesugi
1431,Federico Zeballos,37,4,2,5156,Zeballos
1432,Hugo Car,23,4,2,5156,Car
1433,Takeru Yuzuki,27,4,2,5156,Yuzuki
1434,Collin Altamirano,30,4,3,5156,Altamirano
1434,Hugo Coquelin,20,4,3,5156,Coquelin
1434,Sebastian Eriksson,20,4,3,5156,Eriksson
1434,Timo Legout,23,4,3,5156,Legout
1434,Muzammil Murtaza,26,4,3,5156,Murtaza
1434,Azuma Visaya,22,4,3,5156,Visaya
1440,Corey Craig,22,4,3,5156,Craig
1440,Tom Hands,29,4,3,5156,Hands
1442,James Connel,22,4,3,5156,Connel
1443,Cesar Cruz,19,4,3,5156,Cruz
1443,Bryce Nakashima,21,4,3,5156,Nakashima
1445,Paul Barbier Gazeu,20,4,4,5156,Barbier Gazeu
1445,Sho Katayama,36,4,4,5156,Katayama
1447,Stepan Baum,22,4,4,5156,Baum
1447,Udit Kamboj,24,4,4,5156,Kamboj
1447,Nicola Kuhn,25,4,4,5156,Kuhn
1447,Hugo Maia,24,4,4,5156,Maia
1451,Moritz Kudernatsch,20,4,4,5156,Kudernatsch
1452,Walid Ahouda,22,4,4,5156,Ahouda
1452,Anton Chekhov,33,4,4,5156,Chekhov
1452,Emanuel Ivanisevic,18,4,4,5156,Ivanisevic
1452,Damien Salvestre,23,4,4,5156,Salvestre
1456,Vasco Leote Prata,22,4,4,5156,Leote Prata
1457,Dax Donders,25,4,5,5156,Donders
1457,Diego Jarry Fillol,22,4,5,5156,Jarry Fillol
1457,Alberto Lim,26,4,5,5156,Lim
1460,Pijus Vaitiekunas,22,4,5,5156,Vaitiekunas
1461,Congsup Congcar,29,4,5,5156,Congcar
1461,Romain Gales,21,4,5,5156,Gales
1461,Kase Schinnerer,19,4,5,5156,Schinnerer
1464,Kazuki Nishiwaki,31,4,6,5156,Nishiwaki
1465,Ko Suzuki,34,4,6,5156,Suzuki
1466,Oskari Eerola,23,4,6,5156,Eerola
1466,Adam Heinonen,23,4,6,5156,Heinonen
1466,David Naharro,22,4,6,5156,Naharro
1466,Aleksander Orlikowski,22,4,6,5156,Orlikowski
1470,Valentin Garay,18,4,6,5156,Garay
1470,Zane Stevens,19,4,6,5156,Stevens
1470,Elias Julian Werner,22,4,6,5156,Julian Werner
1473,Xavi Palomar,18,4,7,5156,Palomar
1474,Gustavo Albieri,17,4,7,5156,Albieri
1474,Arthur Bellegy,24,4,7,5156,Bellegy
1476,Vladimir Bazilevskiy,20,4,7,5156,Bazilevskiy
1477,Alexander Petrov,23,4,7,5156,Petrov
1478,Gabriele Vulpitta,20,4,8,5156,Vulpitta
1479,Matei Florin Breazu,17,4,8,5156,Florin Breazu
1479,Andres Fernandez Canovas,26,4,8,5156,Fernandez Canovas
1479,Nemanja Malesevic,24,4,8,5156,Malesevic
1479,Jirat Navasirisomboon,29,4,8,5156,Navasirisomboon
1479,Darius Florin Pop,21,4,8,5156,Florin Pop
1479,Benjamin Torres,22,4,8,5156,Torres
1479,Fons Van Sambeek,23,4,8,5156,Van Sambeek
1486,Alessandro Coccioli,23,4,8,5156,Coccioli
1486,Michele Mecarelli,18,4,8,5156,Mecarelli
1486,Sergio Planella Hernandez,18,4,8,5156,Planella Hernandez
1486,Gray Voelzke,23,4,8,5156,Voelzke
1490,Richard Zusman,25,4,9,5156,Zusman
1491,Maikel De Boes,23,4,9,5156,De Boes
1492,Weiwen Pan,20,4,9,5156,Pan
1493,Kevin Edengren,20,4,9,5156,Edengren
1493,Yunseok Jang,22,4,9,5156,Jang
1493,Riku Takahata,24,4,9,5156,Takahata
1496,Jack Bruce-Smith,24,4,10,5156,Bruce-Smith
1497,Vlad Cristian Breazu,21,4,10,5156,Cristian Breazu
1497,Joshua Peck,27,4,10,5156,Peck
1497,Antonio Voljavec,19,4,10,5156,Voljavec
1500,Fumin Jiang,18,4,11,5156,Jiang
1500,Daniel Verbeek,21,4,11,5156,Verbeek
1502,Ian Luca Cervantes Tomas,22,4,11,5156,Luca Cervantes Tomas
1502,Nikola Djosic,18,4,11,5156,Djosic
1502,Tanguy Genier,27,4,11,5156,Genier
1505,Bogdan Bobrov,28,4,12,5156,Bobrov
1505,Oren Vasser,25,4,12,5156,Vasser
1507,Luke Hooper,19,4,13,5156,Hooper
1507,Jonathan Mridha,30,4,13,5156,Mridha
1507,Yassine Smiej,25,4,13,5156,Smiej
1510,Credit Chaiyarin,22,4,14,5156,Chaiyarin
1511,Daniel Uta,19,4,14,5156,Uta
1512,Nicolo Toffanin,22,4,14,5156,Toffanin
1513,Carles Cordoba,19,4,15,5156,Cordoba
1514,Filippo Mazzola,20,4,15,5156,Mazzola
1515,Mihai Alexandru Coman,20,4,16,5156,Alexandru Coman
1516,Daniel Batista,27,4,16,5156,Batista
1517,Guido Andreozzi,34,3,1,5157,Andreozzi
1517,Loren Thomas Byers,24,3,1,5157,Thomas Byers
1517,Luciano Carraro,27,3,1,5157,Carraro
1517,Samir Iftikhar,33,3,1,5157,Iftikhar
1517,Yousaf Khalil,26,3,1,5157,Khalil
1517,Lucas Miedler,29,3,1,5157,Miedler
1517,Siphosothando Montsi,26,3,1,5157,Montsi
1517,Patrik Niklas-Salminen,28,3,1,5157,Niklas-Salminen
1517,Reese Stalder,29,3,1,5157,Stalder
1517,Patrik Trhac,27,3,1,5157,Trhac
1527,Kelly Giese,21,3,2,5157,Giese
1527,Sander Jong,25,3,2,5157,Jong
1527,Adit Sinha,22,3,2,5157,Sinha
1527,Antoine Vincent,27,3,2,5157,Vincent
1531,Justin Barki,25,3,2,5157,Barki
1531,Samuel Brosset,27,3,2,5157,Brosset
1531,Connor Doig,17,3,2,5157,Doig
1531,Matisse Farzam,18,3,2,5157,Farzam
1531,Theo Herrmann,20,3,2,5157,Herrmann
1531,Casey Hoole,22,3,2,5157,Hoole
1531,Will Mayew,21,3,2,5157,Mayew
1531,Oliver Ojakaar,20,3,2,5157,Ojakaar
1531,Daniel Phillips,20,3,2,5157,Phillips
1531,Donald Nikolas Stoot,18,3,2,5157,Nikolas Stoot
1541,Damien Clerc,17,3,3,5157,Clerc
1541,Laurence Teunissen,16,3,3,5157,Teunissen
1543,Wissam Abderrahman,22,3,3,5157,Abderrahman
1543,Yusuf Khamis,25,3,3,5157,Khamis
1543,Weiyi Kong,17,3,3,5157,Kong
1543,Davide Pontoglio,33,3,3,5157,Pontoglio
1543,Alexander Razeghi,19,3,3,5157,Razeghi
1543,Hudson Rivera,21,3,3,5157,Rivera
1543,Jack Satterfield,18,3,3,5157,Satterfield
1543,Isac Stroemberg,22,3,3,5157,Stroemberg
1551,Siwanat Auytayakul,21,3,4,5157,Auytayakul
1551,John Bothma,17,3,4,5157,Bothma
1551,Bautista De La Pena,16,3,4,5157,De La Pena
1551,Amine Jamji,18,3,4,5157,Jamji
1551,Stefan Latinovic,26,3,4,5157,Latinovic
1551,Maciej Rajski,34,3,4,5157,Rajski
1551,Timofey Stepanov,22,3,4,5157,Stepanov
1558,Nathan Anthony Barki,21,3,4,5157,Anthony Barki
1558,Nathan Cox,22,3,4,5157,Cox
1558,Dmitry Dolzhenkov,21,3,4,5157,Dolzhenkov
1558,Felipe Dreer,19,3,4,5157,Dreer
1558,Ilyas Milad Fahim,20,3,4,5157,Milad Fahim
1558,Clement Lemire,19,3,4,5157,Lemire
1558,Shu Muto,19,3,4,5157,Muto
1558,Arjun Rathi,18,3,4,5157,Rathi
1558,Timeo Trufelli,17,3,4,5157,Trufelli
1567,Illya Beloborodko,24,3,5,5157,Beloborodko
1568,Achilles Belkovics,22,3,5,5157,Belkovics
1568,Emirhan Bulut,19,3,5,5157,Bulut
1568,Raghav Jaisinghani,27,3,5,5157,Jaisinghani
1568,Mickael Kaouk,17,3,5,5157,Kaouk
1568,Melvin Kumar,19,3,5,5157,Kumar
1568,Thijmen Loof,23,3,5,5157,Loof
1568,William Mirarchi,19,3,5,5157,Mirarchi
1568,Dian Nedev,24,3,5,5157,Nedev
1568,Arvid Nordquist,27,3,5,5157,Nordquist
1568,Matthew Rankin,21,3,5,5157,Rankin
1578,Niccolo Baroni,22,3,5,5157,Baroni
1578,Mahmoud Chetouane,17,3,5,5157,Chetouane
1578,Bharath Nishok Kumaran,27,3,5,5157,Nishok Kumaran
1578,Arthur Laborde,21,3,5,5157,Laborde
1578,Lewie Lane,24,3,5,5157,Lane
1578,Fran√ßois Musitelli,27,3,5,5157,Musitelli
1578,Yu Tanaka,22,3,5,5157,Tanaka
1585,Thomas Gerbaud,21,3,6,5157,Gerbaud
1586,Ryan Augusto Dos Santos,22,3,6,5157,Augusto Dos Santos
1586,Enrique Carrascosa Diaz,17,3,6,5157,Carrascosa Diaz
1586,Dominick Mosejczuk,18,3,6,5157,Mosejczuk
1586,Ainius Sabaliauskas,22,3,6,5157,Sabaliauskas
1590,Leonardo Angeloni,20,3,6,5157,Angeloni
1590,Sekou Bangoura,34,3,6,5157,Bangoura
1590,Noah Brownrigg,19,3,6,5157,Brownrigg
1590,Rafael Giotis,25,3,6,5157,Giotis
1590,Valentin Guadagno,19,3,6,5157,Guadagno
1590,Patrik Homola,21,3,6,5157,Homola
1590,"Luis ""Guto"" Miguel",16,3,6,5157,"""Guto"" Miguel"
1590,Mattia Nannelli,21,3,6,5157,Nannelli
1590,Stevan Popovic,24,3,6,5157,Popovic
1590,Iker Urribarrens Ramirez,21,3,6,5157,Urribarrens Ramirez
1600,Leo Lagarrigue,19,3,7,5157,Lagarrigue
1601,Artem Bogomolov,18,3,7,5157,Bogomolov
1601,Vito Dell'Elba,26,3,7,5157,Dell'Elba
1601,Tilen Kovac,23,3,7,5157,Kovac
1601,Benjamin Willwerth,18,3,7,5157,Willwerth
1601,Edoardo Zanada,25,3,7,5157,Zanada
1606,Viktor Jovic,23,3,7,5157,Jovic
1606,Nikos Lehmann,20,3,7,5157,Lehmann
1606,Bogdan Pavel,26,3,7,5157,Pavel
1609,Christopher Papa,24,3,8,5157,Papa
1610,Benjamin Gusic - Wan,18,3,8,5157,Gusic - Wan
1610,Sebastian Grundtvig Jorgensen,24,3,8,5157,Grundtvig Jorgensen
1612,Alex Finkelstein,23,3,8,5157,Finkelstein
1612,David Fix,20,3,8,5157,Fix
1612,Valentino Grippo,19,3,8,5157,Grippo
1612,Chun-Chien Hou,19,3,8,5157,Hou
1612,Stephane Pierre-Jo Kamendje,19,3,8,5157,Pierre-Jo Kamendje
1612,Matteo Lavizzari,20,3,8,5157,Lavizzari
1612,Zekai Li,25,3,8,5157,Li
1612,Nik Mikovic,21,3,8,5157,Mikovic
1612,Nicolas Esteban Rico Arias,25,3,8,5157,Esteban Rico Arias
1612,Gheorghe Claudiu Schinteie,23,3,8,5157,Claudiu Schinteie
1612,Darrshan Suresh,24,3,8,5157,Suresh
1612,Raphael Vaksmann,19,3,8,5157,Vaksmann
1612,Federico Valle,25,3,8,5157,Valle
1625,Sasa Markovic,20,3,9,5157,Markovic
1625,Ryotero Matsumura,29,3,9,5157,Matsumura
1627,Alberto Odiseo Alvarado Berrospi,25,3,9,5157,Odiseo Alvarado Berrospi
1627,Haoyuan Huang,23,3,9,5157,Huang
1627,Aliaksandr Liaonenka,26,3,9,5157,Liaonenka
1627,Ajay Malik,22,3,9,5157,Malik
1627,Aleksa Pisaric,20,3,9,5157,Pisaric
1627,Aristarkh Safonov,22,3,9,5157,Safonov
1627,Aditya Vishal Balsekar,23,3,9,5157,Vishal Balsekar
1627,Alexander Zgirovsky,24,3,9,5157,Zgirovsky
1635,Andrea Paolini,23,3,10,5157,Paolini
1636,Alexis Canter,27,3,10,5157,Canter
1636,Jonas Gundacker,23,3,10,5157,Gundacker
1636,Ye Hongyu,21,3,10,5157,Hongyu
1636,Stijn Pel,23,3,10,5157,Pel
1640,Rocco Piatti,21,3,11,5157,Piatti
1641,Adam Farag Cao,18,3,11,5157,Farag Cao
1641,Alejandro Lopez Escribano,19,3,11,5157,Lopez Escribano
1641,Nicolas Robert,19,3,11,5157,Robert
1644,Daniel Domingos,18,3,12,5157,Domingos
1645,Melih Anavatan,19,3,12,5157,Anavatan
1645,Ignasi Forcano Aparicio,26,3,12,5157,Forcano Aparicio
1645,Loic Namigandet Tenguere,27,3,12,5157,Namigandet Tenguere
1645,Mariano Tammaro,21,3,12,5157,Tammaro
1649,Jiri Cizek,20,3,13,5157,Cizek
1650,Kaya Arinc,26,3,14,5157,Arinc
1651,Tadeo Meneo,20,3,15,5157,Meneo
1651,Issei Okamura,33,3,15,5157,Okamura
1653,Zhenxiong Dong,27,3,16,5157,Dong
1654,Luis Garcia Paez,19,3,18,5157,Garcia Paez
1654,Dmitry Kopilevich,19,3,18,5157,Kopilevich
1656,Lawrence Bataljin,29,3,20,5157,Bataljin
1656,Jeremy Schifris,24,3,20,5157,Schifris
1658,Alfred Almasi,22,2,1,5158,Almasi
1658,Theo Arribage,25,2,1,5158,Arribage
1658,David Bakonyi,19,2,1,5158,Bakonyi
1658,Ulises Blanch,27,2,1,5158,Blanch
1658,Casper Christensen,23,2,1,5158,Christensen
1658,Valentino Conte,21,2,1,5158,Conte
1658,Sergio Luis Hernandez Ramirez,26,2,1,5158,Luis Hernandez Ramirez
1658,Ray Ho,25,2,1,5158,Ho
1658,Marcel Latak,16,2,1,5158,Latak
1658,Ivan Liutarevich,29,2,1,5158,Liutarevich
1658,Diego Munoz,19,2,1,5158,Munoz
1658,Ignacio Novo,25,2,1,5158,Novo
1658,Henrique Ortenblad Nogueira,22,2,1,5158,Ortenblad Nogueira
1658,Cristian Rodriguez,35,2,1,5158,Rodriguez
1658,Oliver Andre Solis Encinas,16,2,1,5158,Andre Solis Encinas
1658,JJ Tracy,23,2,1,5158,Tracy
1658,Seita Watanabe,24,2,1,5158,Watanabe
1658,Milan Welte,24,2,1,5158,Welte
1658,Baltazar Wiger Nordas,21,2,1,5158,Wiger Nordas
1658,Tomas Zurmendi,16,2,1,5158,Zurmendi
1678,Michael Antonius,15,2,2,5158,Antonius
1678,Billy Blaydes,22,2,2,5158,Blaydes
1678,Nikita Samuel Filin,19,2,2,5158,Samuel Filin
1678,Raul Garcia,23,2,2,5158,Garcia
1678,Saahith Jayaraman,20,2,2,5158,Jayaraman
1678,Markos Kalovelonis,31,2,2,5158,Kalovelonis
1678,Loan Lestir,20,2,2,5158,Lestir
1678,Neo Niedner,22,2,2,5158,Niedner
1678,Max Sheldon,22,2,2,5158,Sheldon
1678,Martin Antonio Vergara Del Puerto,21,2,2,5158,Antonio Vergara Del Puerto
1688,Ignacio De Armas,16,2,2,5158,De Armas
1688,Diego Duran,21,2,2,5158,Duran
1688,Andrew Johnson,16,2,2,5158,Johnson
1688,Petar Jovanovic,22,2,2,5158,Jovanovic
1688,Vit Kalina,20,2,2,5158,Kalina
1688,Min Ho Ko,18,2,2,5158,Ho Ko
1688,Noritaka Koizumi,22,2,2,5158,Koizumi
1688,Oscar Lacides,21,2,2,5158,Lacides
1688,Johan Oscar Lien,18,2,2,5158,Oscar Lien
1688,Noah Lopez,23,2,2,5158,Lopez
1688,Harry Pugh,19,2,2,5158,Pugh
1688,Tomas Rengel Sierra,29,2,2,5158,Rengel Sierra
1688,Yaraslav Shyla,32,2,2,5158,Shyla
1688,Nikita Volonski,24,2,2,5158,Volonski
1688,Christian Wedel,25,2,2,5158,Wedel
1688,Anthony Wright,21,2,2,5158,Wright
1704,Antonio Caruso,26,2,3,5158,Caruso
1704,Ye Chen,18,2,3,5158,Chen
1704,Remy Dugardin,22,2,3,5158,Dugardin
1704,Ernesto Escobedo,29,2,3,5158,Escobedo
1704,Ondrej Horak,23,2,3,5158,Horak
1704,Alex Jones,27,2,3,5158,Jones
1704,Emiliano Jorquera,22,2,3,5158,Jorquera
1704,Hao Sheng Koay,27,2,3,5158,Sheng Koay
1704,Sergey Petrov,20,2,3,5158,Petrov
1704,Eli Stephenson,21,2,3,5158,Stephenson
1714,Matteo De Vincentis,27,2,3,5158,De Vincentis
1714,Francisco Tomas Geschwind,22,2,3,5158,Tomas Geschwind
1714,Federico Guarducci,21,2,3,5158,Guarducci
1714,Sean Hodkin,27,2,3,5158,Hodkin
1714,Jarrod Joyce,19,2,3,5158,Joyce
1714,Botond Kisantal,20,2,3,5158,Kisantal
1714,Espen Lagarde,23,2,3,5158,Lagarde
1714,Karim-Mohamed Maamoun,34,2,3,5158,Maamoun
1714,Duje Markovina,18,2,3,5158,Markovina
1714,Gasper Matijasic,18,2,3,5158,Matijasic
1714,Petr Michnev,36,2,3,5158,Michnev
1714,Diogo Morais,21,2,3,5158,Morais
1714,Ren Nakamura,30,2,3,5158,Nakamura
1714,Viacheslav Ovchinnikov,23,2,3,5158,Ovchinnikov
1714,Mathys Picard,17,2,3,5158,Picard
1714,Bengt Johan Reinhard,18,2,3,5158,Johan Reinhard
1714,Rafael Segado Esteve,19,2,3,5158,Segado Esteve
1714,Flynn Thomas,17,2,3,5158,Thomas
1732,Cade Birrell,25,2,4,5158,Birrell
1732,Benjamin Perez,16,2,4,5158,Perez
1734,Sarp Agabigun,28,2,4,5158,Agabigun
1734,Evan Burnett,19,2,4,5158,Burnett
1734,Ivan Dreycopp,22,2,4,5158,Dreycopp
1734,Alexander Glomb,21,2,4,5158,Glomb
1734,Toru Horie,26,2,4,5158,Horie
1734,Oskar Jansson,21,2,4,5158,Jansson
1734,Yeong-Seok Jeong,25,2,4,5158,Jeong
1734,Admir Kalender,24,2,4,5158,Kalender
1734,Jules Leroux,20,2,4,5158,Leroux
1734,Cing-Yang Meng,27,2,4,5158,Meng
1734,Aleksandar Mihailovic,23,2,4,5158,Mihailovic
1734,Ilija Palavestra,18,2,4,5158,Palavestra
1734,Arnav Vijay Paparkar,17,2,4,5158,Vijay Paparkar
1734,Noah Regas Luis,21,2,4,5158,Regas Luis
1734,Noah Schlagenhauf,23,2,4,5158,Schlagenhauf
1734,Dmytro Shirokyi,19,2,4,5158,Shirokyi
1734,Valentin Vanta,28,2,4,5158,Vanta
1734,Ilias Zimmermann,24,2,4,5158,Zimmermann
1752,Sebastian Dominguez,23,2,5,5158,Dominguez
1752,Gabriel Evans,29,2,5,5158,Evans
1752,Shaoyun Liu,23,2,5,5158,Liu
1755,Henrik Bladelius,21,2,5,5158,Bladelius
1755,Stylianos Christodoulou,21,2,5,5158,Christodoulou
1755,Pedro Andre De Almeida Santos,21,2,5,5158,Andre De Almeida Santos
1755,Jonas Eriksson Ziverts,26,2,5,5158,Eriksson Ziverts
1755,Matt Kleiman,24,2,5,5158,Kleiman
1755,Alex Kobelt,28,2,5,5158,Kobelt
1755,Jakub Kroslak,22,2,5,5158,Kroslak
1755,Tomislav Edward Papac,30,2,5,5158,Edward Papac
1755,Minjong Park,24,2,5,5158,Park
1755,Seungmin Park,20,2,5,5158,Park
1755,Julien Penzlin,23,2,5,5158,Penzlin
1755,David Petrovic,21,2,5,5158,Petrovic
1755,Alan Raul Sau Franco,25,2,5,5158,Raul Sau Franco
1755,Ruslan Serazhetdinov,20,2,5,5158,Serazhetdinov
1755,Gunawan Trismuwantara,22,2,5,5158,Trismuwantara
1755,Kian Vakili,22,2,5,5158,Vakili
1755,Ha Minh Duc Vu,22,2,5,5158,Minh Duc Vu
1755,Kai-I Wang,21,2,5,5158,Wang
1755,Jan Wygona,18,2,5,5158,Wygona
1774,Ryusuke Horiuchi,27,2,6,5158,Horiuchi
1774,Niels Lootsma,31,2,6,5158,Lootsma
1774,Zangar Nurlanuly,17,2,6,5158,Nurlanuly
1774,Photos Photiades,22,2,6,5158,Photiades
1778,Laurin Aerne,26,2,6,5158,Aerne
1778,Simone Agostini,28,2,6,5158,Agostini
1778,Sergey Betov,38,2,6,5158,Betov
1778,Miles Clark,26,2,6,5158,Clark
1778,Stefan Cooper,29,2,6,5158,Cooper
1778,Nav Dayal,18,2,6,5158,Dayal
1778,Jesse De Jager,23,2,6,5158,De Jager
1778,Mariano Dedura-Palomero,20,2,6,5158,Dedura-Palomero
1778,Luc Fomba,26,2,6,5158,Fomba
1778,Giammarco Gandolfi,21,2,6,5158,Gandolfi
1778,Carl Holder,19,2,6,5158,Holder
1778,Nicolas Hollender,24,2,6,5158,Hollender
1778,Yeonsu Jeong,18,2,6,5158,Jeong
1778,Noah Karma,18,2,6,5158,Karma
1778,Makar Krivoshchekov,19,2,6,5158,Krivoshchekov
1778,Daniel Lara Salmeron,24,2,6,5158,Lara Salmeron
1778,Cian Maguire,26,2,6,5158,Maguire
1778,Fabrizio Karol Pio Osti,20,2,6,5158,Karol Pio Osti
1778,Kody Pearson,26,2,6,5158,Pearson
1778,Michalis Sakellaridis,24,2,6,5158,Sakellaridis
1778,Yoshka Sborowsky,18,2,6,5158,Sborowsky
1778,Luke Simkiss,27,2,6,5158,Simkiss
1778,Marvin Bernardo Spiering,28,2,6,5158,Bernardo Spiering
1778,Stefan Storch,24,2,6,5158,Storch
1778,Bang Shuo Yin,26,2,6,5158,Shuo Yin
1803,Marco Furlanetto,24,2,7,5158,Furlanetto
1803,Mikel Martinez,25,2,7,5158,Martinez
1805,Ammar Elamin,23,2,7,5158,Elamin
1805,Filiberto Fumagalli,23,2,7,5158,Fumagalli
1805,Daniel Jade,16,2,7,5158,Jade
1805,Alvaro Jimenez,18,2,7,5158,Jimenez
1805,Tomas Jordi Leston,21,2,7,5158,Jordi Leston
1805,Alex Santino Nu√±ez Vera,18,2,7,5158,Santino Nu√±ez Vera
1805,Fabien Salle,26,2,7,5158,Salle
1805,Alessandro Spadola,22,2,7,5158,Spadola
1805,Linghao Zhang,22,2,7,5158,Zhang
1814,Kane Bonsach Ganley,21,2,8,5158,Bonsach Ganley
1814,Antoni Fabre,22,2,8,5158,Fabre
1816,Peter Alam,23,2,8,5158,Alam
1816,Anas Bennour Dit Sahli,19,2,8,5158,Bennour Dit Sahli
1816,Andres Delgadillo,19,2,8,5158,Delgadillo
1816,Hernando Jose Escurra Isnardi,28,2,8,5158,Jose Escurra Isnardi
1816,Tom Sickenberger,18,2,8,5158,Sickenberger
1816,Daiki Yoshimura,23,2,8,5158,Yoshimura
1822,Roman Kharlamov,18,2,9,5158,Kharlamov
1823,Vesa Ahti,26,2,9,5158,Ahti
1823,Andrea Colombo,23,2,9,5158,Colombo
1823,Bogdan Seleznev,23,2,9,5158,Seleznev
1823,Mateya Stanisavljevic,19,2,9,5158,Stanisavljevic
1827,Pietro Pampanin,22,2,10,5158,Pampanin
1828,Hiromasa Koyama,18,2,10,5158,Koyama
1828,Arjun Mehrotra,28,2,10,5158,Mehrotra
1828,Hugo Ouzilou,22,2,10,5158,Ouzilou
1828,Luca Parenti,22,2,10,5158,Parenti
1828,Alvaro Peiro Serrano,21,2,10,5158,Peiro Serrano
1828,Bora Sengul,24,2,10,5158,Sengul
1834,Louis Herman,24,2,11,5158,Herman
1835,Zhengyu Sun,19,2,11,5158,Sun
1835,Pierre Antoine Tailleu,22,2,11,5158,Antoine Tailleu
1837,Rocco Valente,21,2,12,5158,Valente
1838,Drew Van Orderlain,31,2,13,5158,Van Orderlain
1839,Parth Aggarwal,27,2,14,5158,Aggarwal
1840,Anthony Susanto,28,2,15,5158,Susanto
1841,Sheng Tang,25,2,17,5158,Tang
1842,Eric Ahren Moonga,29,1,1,5159,Ahren Moonga
1842,Artur Aiukhanov,19,1,1,5159,Aiukhanov
1842,Juan-Samuel Arauzo-Martinez,35,1,1,5159,Arauzo-Martinez
1842,Boris Arias,32,1,1,5159,Arias
1842,Arian Barbic,17,1,1,5159,Barbic
1842,Juan Ignacio Barraza,24,1,1,5159,Ignacio Barraza
1842,Jerry Barton,22,1,1,5159,Barton
1842,Bastian Berenz,17,1,1,5159,Berenz
1842,Mika Berghaus,23,1,1,5159,Berghaus
1842,Alexis Berquier,18,1,1,5159,Berquier
1842,Juliusz Bienkiewicz,26,1,1,5159,Bienkiewicz
1842,Omar Brigida,26,1,1,5159,Brigida
1842,Oscar Brown,23,1,1,5159,Brown
1842,Tighe Brunetti,22,1,1,5159,Brunetti
1842,Miguel Angel Cabrera,25,1,1,5159,Angel Cabrera
1842,Matthew Carroll,25,1,1,5159,Carroll
1842,Marcos Castro Fabra,18,1,1,5159,Castro Fabra
1842,Jose Luis Claro,22,1,1,5159,Luis Claro
1842,Sandesh Dattatray Kurale,22,1,1,5159,Dattatray Kurale
1842,Matias Franco Descotte,31,1,1,5159,Franco Descotte
1842,Malanqi Du,23,1,1,5159,Du
1842,Tomas Dummer Macedo,17,1,1,5159,Dummer Macedo
1842,Birtan Duran,21,1,1,5159,Duran
1842,Samyar Elyasi,21,1,1,5159,Elyasi
1842,Roberto Ferrer Guimaraes,20,1,1,5159,Ferrer Guimaraes
1842,Xavier Ferrer Mateo,19,1,1,5159,Ferrer Mateo
1842,Oriol Font,19,1,1,5159,Font
1842,Jon Gamble,18,1,1,5159,Gamble
1842,Rafael Augusto Garcia Finetto,17,1,1,5159,Augusto Garcia Finetto
1842,Pietro Gava,16,1,1,5159,Gava
1842,Daniil Golubev,24,1,1,5159,Golubev
1842,Maxim Groysman,23,1,1,5159,Groysman
1842,Kornel Halmos,19,1,1,5159,Halmos
1842,Bryan Hernandez Cortes,19,1,1,5159,Hernandez Cortes
1842,Ymerali Ibraimi,16,1,1,5159,Ibraimi
1842,Sergio Ingles Garre,26,1,1,5159,Ingles Garre
1842,Ryder Jackson,20,1,1,5159,Jackson
1842,Hamza Karmoussi,32,1,1,5159,Karmoussi
1842,Nicolas Kobelt,21,1,1,5159,Kobelt
1842,Thomas Kostka,22,1,1,5159,Kostka
1842,Tomas Lanik,23,1,1,5159,Lanik
1842,Jordan Lee,15,1,1,5159,Lee
1842,Woong Bi Lee,20,1,1,5159,Bi Lee
1842,Woong Chan Lee,16,1,1,5159,Chan Lee
1842,Tim Loosen,24,1,1,5159,Loosen
1842,Augusto Mateo Lucarelli,19,1,1,5159,Mateo Lucarelli
1842,Cyrus Mahjoob,20,1,1,5159,Mahjoob
1842,Noah Martens,23,1,1,5159,Martens
1842,Kaspar Mathes,17,1,1,5159,Mathes
1842,Joel Meda,30,1,1,5159,Meda
1842,Moein Moazam,23,1,1,5159,Moazam
1842,Aleksei Mokrov,20,1,1,5159,Mokrov
1842,Vicente Monge,19,1,1,5159,Monge
1842,Alejandro Moreno,23,1,1,5159,Moreno
1842,Juan Francisco Munoz,18,1,1,5159,Francisco Munoz
1842,Freddy Murray,22,1,1,5159,Murray
1842,Mason Naumovski,24,1,1,5159,Naumovski
1842,Niklas Niggemann,23,1,1,5159,Niggemann
1842,Dingzheng Nima,21,1,1,5159,Nima
1842,Ricard Novell,20,1,1,5159,Novell
1842,Valdemar Frederik Pape,22,1,1,5159,Frederik Pape
1842,Matija Pecotic,36,1,1,5159,Pecotic
1842,Roberto Perez Socas,20,1,1,5159,Perez Socas
1842,Felipe Pinzon Moreno,21,1,1,5159,Pinzon Moreno
1842,Henry Ren,21,1,1,5159,Ren
1842,Rodrigo Reyna,27,1,1,5159,Reyna
1842,Freddie Ridout,21,1,1,5159,Ridout
1842,Agassi Rusher,17,1,1,5159,Rusher
1842,Leevi Saatela,30,1,1,5159,Saatela
1842,Batyr Sapaev,34,1,1,5159,Sapaev
1842,Djordje Sapic,16,1,1,5159,Sapic
1842,Mauricio Schtulmann Gasca,17,1,1,5159,Schtulmann Gasca
1842,Jan Sebesta,22,1,1,5159,Sebesta
1842,Jack Secord,17,1,1,5159,Secord
1842,Michael Shaw,26,1,1,5159,Shaw
1842,Hayden Shoemake,24,1,1,5159,Shoemake
1842,Leon Sloboda,16,1,1,5159,Sloboda
1842,Stephen Slocombe,22,1,1,5159,Slocombe
1842,Harry Thursfield,24,1,1,5159,Thursfield
1842,Maximilian Todorov,26,1,1,5159,Todorov
1842,Ryan Torres,22,1,1,5159,Torres
1842,Justas Trainauskas,23,1,1,5159,Trainauskas
1842,Vaal Urankar,20,1,1,5159,Urankar
1842,Andres Urquiola Montellano,21,1,1,5159,Urquiola Montellano
1842,Iiro Vasa,23,1,1,5159,Vasa
1842,Felipe Vazquez,17,1,1,5159,Vazquez
1842,Brandon Walkin,31,1,1,5159,Walkin
1842,Ids Waterbolk,24,1,1,5159,Waterbolk
1842,Phoenix Weir,20,1,1,5159,Weir
1842,Sam Wensley,20,1,1,5159,Wensley
1842,Dawid Wisniewski,23,1,1,5159,Wisniewski
1842,Yusuke Yoshikawa,31,1,1,5159,Yoshikawa
1842,William Zhang,17,1,1,5159,Zhang
1842,Shixun Zhu,18,1,1,5159,Zhu
1936,Harrison Adams,31,1,2,5159,Adams
1936,Fantino Alberca De Las Casas,20,1,2,5159,Alberca De Las Casas
1936,Ramiro Amarilla,24,1,2,5159,Amarilla
1936,Romain Andres,18,1,2,5159,Andres
1936,Joao Antonio,26,1,2,5159,Antonio
1936,David Asenov,19,1,2,5159,Asenov
1936,Lorenzo Balducci,18,1,2,5159,Balducci
1936,Tristan Berard,21,1,2,5159,Berard
1936,Luka Bojicic Ono,20,1,2,5159,Bojicic Ono
1936,Maximilian Borisov,23,1,2,5159,Borisov
1936,Federico Bove,27,1,2,5159,Bove
1936,Tyler Bowers,23,1,2,5159,Bowers
1936,Hugo Cardinaud,21,1,2,5159,Cardinaud
1936,Elijah Cham,22,1,2,5159,Cham
1936,Benjamin Chel√≠a,17,1,2,5159,Chel√≠a
1936,Enrique Collar,18,1,2,5159,Collar
1936,Sasha Colleu,18,1,2,5159,Colleu
1936,Jo√£o Pedro Didoni Bonini,18,1,2,5159,Pedro Didoni Bonini
1936,Sid Donarski,28,1,2,5159,Donarski
1936,Mikhail Dubrouski,22,1,2,5159,Dubrouski
1936,Gabriel Elicha Navas,22,1,2,5159,Elicha Navas
1936,Lorenzo Esquici,22,1,2,5159,Esquici
1936,Wen Bo Fan,18,1,2,5159,Bo Fan
1936,Juan Carlos Fuentes Vasquez,20,1,2,5159,Carlos Fuentes Vasquez
1936,Thomas Nicholas Gadecki,19,1,2,5159,Nicholas Gadecki
1936,Iker Gaztambide Arrastia,21,1,2,5159,Gaztambide Arrastia
1936,Mikhail Gorokhov,21,1,2,5159,Gorokhov
1936,Sebastian Gorzny,21,1,2,5159,Gorzny
1936,Tobia Grandinetti,21,1,2,5159,Grandinetti
1936,Spencer Gray,24,1,2,5159,Gray
1936,Matteo Gribaldo,17,1,2,5159,Gribaldo
1936,Gus Grumet,18,1,2,5159,Grumet
1936,Thomas Gunzinger,17,1,2,5159,Gunzinger
1936,Javier Guzman,22,1,2,5159,Guzman
1936,Ryan Haviland,45,1,2,5159,Haviland
1936,Mark Havlicek,22,1,2,5159,Havlicek
1936,Yuya Hirose,20,1,2,5159,Hirose
1936,Lucas Horve,25,1,2,5159,Horve
1936,Matic Hribar,18,1,2,5159,Hribar
1936,Leonardo Iemmi,20,1,2,5159,Iemmi
1936,Ilya Ignatov,19,1,2,5159,Ignatov
1936,Alejandro Jacome Jaramillo,22,1,2,5159,Jacome Jaramillo
1936,Daniil Kakhniuk,23,1,2,5159,Kakhniuk
1936,Kaigaoge Kang,17,1,2,5159,Kang
1936,Veljko Krstic,22,1,2,5159,Krstic
1936,Yazid Lahjomri,20,1,2,5159,Lahjomri
1936,Anes Latifovic,20,1,2,5159,Latifovic
1936,Edoardo Lavagno,27,1,2,5159,Lavagno
1936,Rhys Lawlor,16,1,2,5159,Lawlor
1936,Mikolaj Lorens,23,1,2,5159,Lorens
1936,Jun Hao Luo,18,1,2,5159,Hao Luo
1936,Martin Maldonado,24,1,2,5159,Maldonado
1936,Tomas Marin,19,1,2,5159,Marin
1936,Ashton Mcleod,18,1,2,5159,Mcleod
1936,Milos Mikovic,20,1,2,5159,Mikovic
1936,Seiya Nakanishi,29,1,2,5159,Nakanishi
1936,Andy Nguyen,21,1,2,5159,Nguyen
1936,Maximilian Oezcelik,26,1,2,5159,Oezcelik
1936,Alexander Ikenna Okonkwo,20,1,2,5159,Ikenna Okonkwo
1936,Mattias Pisanu,18,1,2,5159,Pisanu
1936,Peter Benjamin Privara,21,1,2,5159,Benjamin Privara
1936,Tadija Radovanovic,25,1,2,5159,Radovanovic
1936,Yannik Rahman,21,1,2,5159,Rahman
1936,Lucas Renard,33,1,2,5159,Renard
1936,Philippe Renard,22,1,2,5159,Renard
1936,Pablo Robledo,18,1,2,5159,Robledo
1936,Lautaro Rocha,18,1,2,5159,Rocha
1936,Carl Roothman,22,1,2,5159,Roothman
1936,Tim Ruehl,27,1,2,5159,Ruehl
1936,Jan Sadzik,17,1,2,5159,Sadzik
1936,Agust√≠n Salazar Salazar,21,1,2,5159,Salazar Salazar
1936,Jonas Schaer,25,1,2,5159,Schaer
1936,Andre Souza,23,1,2,5159,Souza
1936,Nicholas Steiglehner,21,1,2,5159,Steiglehner
1936,Filip Stidell,20,1,2,5159,Stidell
1936,Gustaf Strom,24,1,2,5159,Strom
1936,Leonardo Suarez,17,1,2,5159,Suarez
1936,Sarthak Suden,24,1,2,5159,Suden
1936,Elias Sumann,20,1,2,5159,Sumann
1936,Jin Peng Tang,19,1,2,5159,Peng Tang
1936,Daniel Tazabekov,17,1,2,5159,Tazabekov
1936,Kai Thompson,17,1,2,5159,Thompson
1936,Aadarsh Tripathi,22,1,2,5159,Tripathi
1936,Nathan Trouve,19,1,2,5159,Trouve
1936,Abdulaziz Usmonjonov,18,1,2,5159,Usmonjonov
1936,Jip Van Assendelft,23,1,2,5159,Van Assendelft
1936,Franco Ariel Vazquez,25,1,2,5159,Ariel Vazquez
1936,Alexander Vikhlyantsev,23,1,2,5159,Vikhlyantsev
1936,Benjamin Vitter,22,1,2,5159,Vitter
1936,Max Westphal,22,1,2,5159,Westphal
1936,Aaron James Williams,22,1,2,5159,James Williams
1936,Maximus Zavier Wong,18,1,2,5159,Zavier Wong
1936,Kai-An Wu,19,1,2,5159,Wu
1936,Fernando Yamacita,28,1,2,5159,Yamacita
1936,Arturs Zagars,18,1,2,5159,Zagars
1936,Gonzalo Zeitune,20,1,2,5159,Zeitune
1936,Carlos Zerega,30,1,2,5159,Zerega
2033,Danielle Abadia,24,1,3,5159,Abadia
2033,Damir Abdusamadov,19,1,3,5159,Abdusamadov
2033,Daniel Aleksandar Amarandei,18,1,3,5159,Aleksandar Amarandei
2033,Felipe Assuncao Garla,31,1,3,5159,Assuncao Garla
2033,Mert Aytekin,19,1,3,5159,Aytekin
2033,Sergio Badini,21,1,3,5159,Badini
2033,Max Benaim,27,1,3,5159,Benaim
2033,Flavio Bocci,20,1,3,5159,Bocci
2033,Enrique Bogo,30,1,3,5159,Bogo
2033,Thanaphat Boosarawongse,19,1,3,5159,Boosarawongse
2033,Vasilios Caripi,34,1,3,5159,Caripi
2033,Ignacio Carou,26,1,3,5159,Carou
2033,David Cristian Carteputreda,18,1,3,5159,Cristian Carteputreda
2033,Dario Alexandru Ciobotaru,21,1,3,5159,Alexandru Ciobotaru
2033,Lautaro Correa Beguerie,20,1,3,5159,Correa Beguerie
2033,Reuben De Klerk,18,1,3,5159,De Klerk
2033,Nikola Djukic Valera,23,1,3,5159,Djukic Valera
2033,Tarek Erlewein,22,1,3,5159,Erlewein
2033,Filippo Francesco Garbero,16,1,3,5159,Francesco Garbero
2033,Liam Gavrielides,21,1,3,5159,Gavrielides
2033,Volodymyr Gurenko,18,1,3,5159,Gurenko
2033,Hugo Hashimoto,22,1,3,5159,Hashimoto
2033,Julius Maximilian Haus,18,1,3,5159,Maximilian Haus
2033,Lukas Hellum-Lilleengen,25,1,3,5159,Hellum-Lilleengen
2033,Kaeri Hernandez Mariona,22,1,3,5159,Hernandez Mariona
2033,Patrick Jozwicki,20,1,3,5159,Jozwicki
2033,Dorian Juszczak,20,1,3,5159,Juszczak
2033,Alexander Krylov,22,1,3,5159,Krylov
2033,Justin Lenders,18,1,3,5159,Lenders
2033,Isaac Lhomond,19,1,3,5159,Lhomond
2033,Adam Majchrzak,20,1,3,5159,Majchrzak
2033,Aron Janos Major,18,1,3,5159,Janos Major
2033,Franco Marini,24,1,3,5159,Marini
2033,Benjamin Martin,20,1,3,5159,Martin
2033,Jordi Mas De Ugarte,30,1,3,5159,Mas De Ugarte
2033,Maciej Matuszczyk,22,1,3,5159,Matuszczyk
2033,Jack Patrick Mcgary,20,1,3,5159,Patrick Mcgary
2033,Salvador Monteiro,17,1,3,5159,Monteiro
2033,Diego Ortiz Gamonsl,22,1,3,5159,Ortiz Gamonsl
2033,Daniil Piatrouski,22,1,3,5159,Piatrouski
2033,Tomas Pinho,23,1,3,5159,Pinho
2033,Rishi Reddy,27,1,3,5159,Reddy
2033,Manuel Sanchez,34,1,3,5159,Sanchez
2033,Elijah Sanogo,17,1,3,5159,Sanogo
2033,Rethin Pranav Senthil Kumar,18,1,3,5159,Pranav Senthil Kumar
2033,Samuel Stolarik,21,1,3,5159,Stolarik
2033,Bjorn Swenson,22,1,3,5159,Swenson
2033,Adam Gabor Szoke,21,1,3,5159,Gabor Szoke
2033,Esteban Talavera Cortes,20,1,3,5159,Talavera Cortes
2033,Guillermo Tunas,24,1,3,5159,Tunas
2033,Alexander Ushakov,21,1,3,5159,Ushakov
2033,Jake Van Emburgh,27,1,3,5159,Van Emburgh
2033,Henrik Villanger,21,1,3,5159,Villanger
2033,Jakub Vrba,20,1,3,5159,Vrba
2033,Yamato Yukawa,19,1,3,5159,Yukawa
2033,Ahmed Zaki,20,1,3,5159,Zaki
2033,Vitaliy Zatsepin,19,1,3,5159,Zatsepin
2090,Mohammad Alkotop,20,1,4,5159,Alkotop
2090,Marco Alvarez,25,1,4,5159,Alvarez
2090,Marcin Andrzejczak,19,1,4,5159,Andrzejczak
2090,Gregorio Biondolillo,25,1,4,5159,Biondolillo
2090,Dakotah Bobo,22,1,4,5159,Bobo
2090,Penn Charusorn,17,1,4,5159,Charusorn
2090,Andres Gabriel Ciurletti,27,1,4,5159,Gabriel Ciurletti
2090,Mathys Domenc,16,1,4,5159,Domenc
2090,Hamza El Amine,21,1,4,5159,El Amine
2090,Jose Freitas,19,1,4,5159,Freitas
2090,Hong-Lin Fu,24,1,4,5159,Fu
2090,Anthony Genov,23,1,4,5159,Genov
2090,Santiago Giamichelle,22,1,4,5159,Giamichelle
2090,Nicolas Rafael Goldberg Alviani,23,1,4,5159,Rafael Goldberg Alviani
2090,Gregor Hausberger,22,1,4,5159,Hausberger
2090,Liam Hignett,26,1,4,5159,Hignett
2090,Vladimir Holban,20,1,4,5159,Holban
2090,Nicolas Hurtado Novoa,18,1,4,5159,Hurtado Novoa
2090,Nicola Ion,21,1,4,5159,Ion
2090,Roan Jones,22,1,4,5159,Jones
2090,Karlo Kajin,26,1,4,5159,Kajin
2090,Ronit Karki,18,1,4,5159,Karki
2090,Jack Karlsson Wistrand,23,1,4,5159,Karlsson Wistrand
2090,Samuil Konov,23,1,4,5159,Konov
2090,Matic Kriznik,20,1,4,5159,Kriznik
2090,Henry Lieberman,25,1,4,5159,Lieberman
2090,Karol Malirz,23,1,4,5159,Malirz
2090,Norbert Marosik,21,1,4,5159,Marosik
2090,Mirko Martinez,27,1,4,5159,Martinez
2090,Alejandro Melero Kretzer,20,1,4,5159,Melero Kretzer
2090,Stefan Menichella,31,1,4,5159,Menichella
2090,thomas Menzel,18,1,4,5159,Menzel
2090,Mak Mikovic,19,1,4,5159,Mikovic
2090,Abdulhamid Mubarak,31,1,4,5159,Mubarak
2090,Botond Nagy,18,1,4,5159,Nagy
2090,Noppadol Noikor,25,1,4,5159,Noikor
2090,William Nolan,22,1,4,5159,Nolan
2090,Yshai Oliel,25,1,4,5159,Oliel
2090,Roman Postolka,26,1,4,5159,Postolka
2090,Nicola Senn,21,1,4,5159,Senn
2090,Calin Teodor Stirbu,19,1,4,5159,Teodor Stirbu
2090,Matei Varbanciu,18,1,4,5159,Varbanciu
2090,Qiulin Wang,23,1,4,5159,Wang
2090,Caheer Warik,19,1,4,5159,Warik
2090,Weitao Xu,20,1,4,5159,Xu
2135,Suk Ann,23,1,5,5159,Ann
2135,Michael Alejandro Beltran Rubio,24,1,5,5159,Alejandro Beltran Rubio
2135,Jonah Braswell,21,1,5,5159,Braswell
2135,Pedro Henrique Chabalgoity,17,1,5,5159,Henrique Chabalgoity
2135,Pavlos Christoforakis,17,1,5,5159,Christoforakis
2135,Edoardo De Filippo,21,1,5,5159,De Filippo
2135,Rahul Dhokia,25,1,5,5159,Dhokia
2135,Jose Dominguez Alonso,26,1,5,5159,Dominguez Alonso
2135,Andrei Corneliu Gadoiu,17,1,5,5159,Corneliu Gadoiu
2135,Alexandru Toubi Hebhang Balan,17,1,5,5159,Toubi Hebhang Balan
2135,Ivan Iutkin,18,1,5,5159,Iutkin
2135,Reid Jarvis,25,1,5,5159,Jarvis
2135,Jan Jermar,25,1,5,5159,Jermar
2135,Rafael Kis Balazs,24,1,5,5159,Kis Balazs
2135,Rein Koenders,19,1,5,5159,Koenders
2135,Yuhei Kono,30,1,5,5159,Kono
2135,Karl Kazuma Lee,23,1,5,5159,Kazuma Lee
2135,Vicente Menezes Freda,18,1,5,5159,Menezes Freda
2135,Matteo Mesaglio,21,1,5,5159,Mesaglio
2135,Saba George Nanobashvili,21,1,5,5159,George Nanobashvili
2135,Kunanan Pantaratorn,17,1,5,5159,Pantaratorn
2135,Drazen Petrovic,23,1,5,5159,Petrovic
2135,Glauco Pinheiro Da Cruz Junior,20,1,5,5159,Pinheiro Da Cruz Junior
2135,Peter Sallay,24,1,5,5159,Sallay
2135,Kyle Seelig,28,1,5,5159,Seelig
2135,Lev Seidman,18,1,5,5159,Seidman
2135,Cedric Stanke,27,1,5,5159,Stanke
2135,Vullnet Tashi,32,1,5,5159,Tashi
2135,Matei Todoran,17,1,5,5159,Todoran
2135,Benoit Torcq,20,1,5,5159,Torcq
2135,Cagan Efe Tufekci,22,1,5,5159,Efe Tufekci
2135,Joe Tyler,27,1,5,5159,Tyler
2135,Dmitrii Vasilev,24,1,5,5159,Vasilev
2135,Yassin Ahmed Wageh,17,1,5,5159,Ahmed Wageh
2135,Antoine Walch,32,1,5,5159,Walch
2170,Alejandro Arcila,18,1,6,5159,Arcila
2170,Ivan Biletic,19,1,6,5159,Biletic
2170,Breno Braga,20,1,6,5159,Braga
2170,Hitesh Chauhan,17,1,6,5159,Chauhan
2170,Julien De Cuyper,26,1,6,5159,De Cuyper
2170,Jeffrey Fradkin,24,1,6,5159,Fradkin
2170,Henri Haupt,19,1,6,5159,Haupt
2170,Valentin Kopeikin,23,1,6,5159,Kopeikin
2170,Lucky Candra Kurniawan,21,1,6,5159,Candra Kurniawan
2170,Silvio Mencaglia,21,1,6,5159,Mencaglia
2170,Andreas Messis,17,1,6,5159,Messis
2170,Zhou Mingzhou,25,1,6,5159,Mingzhou
2170,Manuel Mouilleron Salvo,22,1,6,5159,Mouilleron Salvo
2170,Yuvan Nandal,20,1,6,5159,Nandal
2170,Savva Rybkin,16,1,6,5159,Rybkin
2170,Fredrik Krogh Solheim,19,1,6,5159,Krogh Solheim
2170,Mikal Statham,38,1,6,5159,Statham
2170,Lazar Vojinovic,26,1,6,5159,Vojinovic
2188,Daniil Bogatov,19,1,7,5159,Bogatov
2188,Nicolas Buitrago,27,1,7,5159,Buitrago
2188,Jim Hendrikx,24,1,7,5159,Hendrikx
2188,Moritz Hoffmann,24,1,7,5159,Hoffmann
2188,Andrei Kunitsyn,20,1,7,5159,Kunitsyn
2188,Aryan Lakshmanan,20,1,7,5159,Lakshmanan
2188,Enmanuel Munoz,20,1,7,5159,Munoz
2188,Minghui Zhang,20,1,7,5159,Zhang
2188,Zhan Zheng,22,1,7,5159,Zheng
2197,Victor Braga,20,1,8,5159,Braga
2197,Adrien Burdet,23,1,8,5159,Burdet
2197,Liam Delicata,24,1,8,5159,Delicata
2197,Carlos Giraldi,20,1,8,5159,Giraldi
2197,Krittin Koaykul,30,1,8,5159,Koaykul
2197,Filip Krolo,24,1,8,5159,Krolo
2197,Gabriel Matuszewski,21,1,8,5159,Matuszewski
2197,Kyle Overmyer,21,1,8,5159,Overmyer
2197,Yong Joon Park,23,1,8,5159,Joon Park
2197,Breno Rossetto Urvaneja,20,1,8,5159,Rossetto Urvaneja
2197,Pavel Verbin,24,1,8,5159,Verbin
2197,Tsz Fu Wong,20,1,8,5159,Fu Wong
2209,Alvaro Bueno Gil,25,1,9,5159,Bueno Gil
2209,Mateo Carballo,18,1,9,5159,Carballo
2209,Xirui Han,19,1,9,5159,Han
2209,Isaac Nortey,26,1,9,5159,Nortey
2209,Atharva Sharma,25,1,9,5159,Sharma
2214,Adrian Arcon,24,1,10,5159,Arcon
2214,Leo Deflandre,23,1,10,5159,Deflandre
2214,Kazuma Kawachi,31,1,10,5159,Kawachi
2214,Andrea Motta,21,1,10,5159,Motta
2214,Essa Qabazard,24,1,10,5159,Qabazard
2219,Sean Hess,24,1,11,5159,Hess
2219,Ty Host,18,1,11,5159,Host
2221,Tobia Costanzo Baragiola Mordini,19,1,12,5159,Costanzo Baragiola Mordini
2221,Kerem Yilmaz,18,1,12,5159,Yilmaz
2223,Alessandro Bellifemine,24,1,13,5159,Bellifemine
